Workbook

Sheet PTJ
A1: BIL. | B1: NAMA PTJ | C1: PTJ | D1: KOD PTJ | E1: PTJ
A2: 1 | B2: PEJ. K.EKSEKUTIF-PKE | C2: PKE | D2: 10110001 | E2: PKE
A3: 2 | B3: PEJ. PUU-PPUU | C3: PPUU | D3: 10110003 | E3: PPUU
A4: 3 | B4: AUDIT & RISIKO-BAR | C4: BAR | D4: 10110004 | E4: BAR
A5: 4 | B5: SUMBER MANUSIA-BSM | C5: BSM | D5: 10120001 | E5: BSM
A6: 5 | B6: TEK. MAKLUMAT-BTM | C6: BTM | D6: 10120002 | E6: BTM
A7: 6 | B7: KEWANGAN & AKAUN-BKA | C7: BKA | D7: 10120003 | E7: BKA
A8: 7 | B8: U.PGRSN FASILITI-UPF | C8: UPF | D8: 10120004 | E8: UPF
A9: 8 | B9: PENGURUSAN LEVI-BPLV | C9: BPLV | D9: 10130001 | E9: BPLV
A10: 9 | B10: PENGUATKUASAAN-BPGK | C10: BPGK | D10: 10130003 | E10: BPGK
A11: 10 | B11: PMTHN KUALITI (BPKB) | C11: BPKB | D11: 10130007 | E11: BPKB
A12: 11 | B12: PBGN TEKNOLOGI (BPT) | C12: BPT | D12: 10140007 | E12: BPT
A13: 12 | B13: PSKTRN BISNES (BPS) | C13: BPS | D13: 10140008 | E13: BPS
... A39: 38 | B39: SD-SANDAKAN | C39: SD | D39: 10200032 | E39: SD

Sheet BAJET 2026
A1: Fund | B1: Funds Center | C1: Funded Program | D1: Consumable Amt | E1: Consumed Amt | F1: Available Amt | G1: Number of DB Records | H1: Status | I1: Funds Center Description | J1: Commitment Item | K1: Commitment Item Description | L1: Funded Program Description | M1: Commitment Item Category
A2: KWI | B2: 10150008 | C2: PI.A0.AA.10150008.01 | D2: 1559400 | E2: 641824.6 | F2: 917575.4 | G2: 2 | I2: PDFTRN KONTRAKTOR&PERSONEL BINAAN-BPKPB | J2: B62000 | K2: BELANJA PROGRAM INDUSTRI | L2: Pendaftaran Kontraktor | M2: 3
A3: KWI | B3: 10170004 | C3: PI.A0.AA.10170004.01 | D3: 1730000 | E3: 342352.43 | F3: 1387647.6 | G3: 2 | I3: PEMBANGUNAN KONTRAKTOR (BPK) | J3: B62000 | K3: BELANJA PROGRAM INDUSTRI | L3: Pendaftaran Kontraktor | M3: 3
A4: KWI | B4: 10200001 | C4: PI.A0.AA.10200001.01 | D4: 2000 | E4: 0 | F4: 2000 | G4: 1 | I4: PL-PERLIS | J4: B62000 | K4: BELANJA PROGRAM INDUSTRI | L4: Pendaftaran Kontraktor | M4: 3
A5: KWI | B5: 10200002 | C5: PI.A0.AA.10200002.01 | D5: 14700 | E5: 0 | F5: 14700 | G5: 1 | I5: KD-KEDAH | J5: B62000 | K5: BELANJA PROGRAM INDUSTRI | L5: Pendaftaran Kontraktor | M5: 3
A6: KWI | B6: 10200003 | C6: PI.A0.AA.10200003.01 | D6: 14700 | E6: 10520.9 | F6: 4179.1 | G6: 2 | I6: PP-PULAU PINANG | J6: B62000 | K6: BELANJA PROGRAM INDUSTRI | L6: Pendaftaran Kontraktor | M6: 3
A7: KWI | B7: 10200004 | C7: PI.A0.AA.10200004.01 | D7: 3900 | E7: 0 | F7: 3900 | G7: 1 | I7: PR-PERAK | J7: B62000 | K7: BELANJA PROGRAM INDUSTRI | L7: Pendaftaran Kontraktor | M7: 3
A8: KWI | B8: 10200005 | C8: PI.A0.AA.10200005.01 | D8: 21600 | E8: 12430 | F8: 9170 | G8: 2 | I8: SL-SELANGOR | J8: B62000 | K8: BELANJA PROGRAM INDUSTRI | L8: Pendaftaran Kontraktor | M8: 3
A9: KWI | B9: 10200006 | C9: PI.A0.AA.10200006.01 | D9: 33800 | E9: 1300 | F9: 32500 | G9: 2 | I9: WP-WILAYAH PERSEKUTUAN (KL) | J9: B62000 | K9: BELANJA PROGRAM INDUSTRI | L9: Pendaftaran Kontraktor | M9: 3
A10: KWI | B10: 10200007 | C10: PI.A0.AA.10200007.01 | D10: 18400 | E10: 10109.91 | F10: 8290.09 | G10: 2 | I10: NS-NEGERI SEMBILAN | J10: B62000 | K10: BELANJA PROGRAM INDUSTRI | L10: Pendaftaran Kontraktor | M10: 3
A11: KWI | B11: 10200008 | C11: PI.A0.AA.10200008.01 | D11: 16200 | E11: 7890 | F11: 8310 | G11: 2 | I11: ML-MELAKA | J11: B62000 | K11: BELANJA PROGRAM INDUSTRI | L11: Pendaftaran Kontraktor | M11: 3
A12: KWI | B12: 10200009 | C12: PI.A0.AA.10200009.01 | D12: 14700 | E12: 10108.8 | F12: 4591.2 | G12: 2 | I12: JH-JOHOR | J12: B62000 | K12: BELANJA PROGRAM INDUSTRI | L12: Pendaftaran Kontraktor | M12: 3
A13: KWI | B13: 10200010 | C13: PI.A0.AA.10200010.01 | D13: 14700 | E13: 10000 | F13: 4700 | G13: 2 | I13: PH-PAHANG | J13: B62000 | K13: BELANJA PROGRAM INDUSTRI | L13: Pendaftaran Kontraktor | M13: 3
... A191: KWI | B191: 10130005 | C191: PI.D0.DG.10130005.01 | D191: 10192000 | E191: 0 | F191: 10192000 | G191: 1 | I191: NA-BAHAGIAN OPERASI SETEMPAT | J191: B62000 | K191: BELANJA PROGRAM INDUSTRI | L191: Perkhidmatan Pelanggan | M191: 3
A192: KWM | B192: 10110001 | D192: 2295000 | E192: 810312.52 | F192: 1484687.5 | G192: 2 | I192: PEJABAT KETUA EKSEKUTIF-PKE | J192: B11000 | K192: EMOLUMEN | M192: 3
A193: KWM | B193: 10110003 | D193: 516000 | E193: 257166.25 | F193: 258833.75 | G193: 2 | I193: PEJABAT PENASIHAT UNDANG-UNDANG-PPUU | J193: B11000 | K193: EMOLUMEN | M193: 3
A194: KWM | B194: 10110004 | D194: 532500 | E194: 228763.27 | F194: 303736.73 | G194: 2 | I194: AUDIT & RISIKO-BAR | J194: B11000 | K194: EMOLUMEN | M194: 3
A195: KWM | B195: 10120001 | D195: 4380000 | E195: 1034666.4 | F195: 3345333.6 | G195: 2 | I195: SUMBER MANUSIA-BSM | J195: B11000 | K195: EMOLUMEN | M195: 3
A196: KWM | B196: 10120002 | D196: 1669000 | E196: 883860.53 | F196: 785139.47 | G196: 2 | I196: TEKNOLOGI MAKLUMAT-BTM | J196: B11000 | K196: EMOLUMEN | M196: 3
A197: KWM | B197: 10120003 | D197: 916000 | E197: 456766.11 | F197: 459233.89 | G197: 2 | I197: KEWANGAN & AKAUN-BKA | J197: B11000 | K197: EMOLUMEN | M197: 3
A198: KWM | B198: 10120004 | D198: 568000 | E198: 297795.1 | F198: 270204.9 | G198: 2 | I198: UNIT PENGURUSAN FASILITI-UPF | J198: B11000 | K198: EMOLUMEN | M198: 3
A199: KWM | B199: 10130001 | D199: 1083000 | E199: 509087.24 | F199: 573912.76 | G199: 2 | I199: PENGURUSAN LEVI-BPLV | J199: B11000 | K199: EMOLUMEN | M199: 3
A200: KWM | B200: 10130003 | D200: 990000 | E200: 497084.25 | F200: 492915.75 | G200: 2 | I200: PENGUATKUASAAN-BPGK | J200: B11000 | K200: EMOLUMEN | M200: 3
A201: KWM | B201: 10130007 | D201: 713000 | E201: 368310.16 | F201: 344689.84 | G201: 2 | I201: PEMATUHAN KUALITI BAHAN (BPKB) | J201: B11000 | K201: EMOLUMEN | M201: 3
A202: KWM | B202: 10140007 | D202: 609000 | E202: 318274.7 | F202: 290725.3 | G202: 2 | I202: PEMBANGUNAN TEKNOLOGI (BPT) | J202: B11000 | K202: EMOLUMEN | M202: 3
A203: KWM | B203: 10140008 | D203: 337000 | E203: 176253.33 | F203: 160746.67 | G203: 2 | I203: PERSEKITARAN BISNES (BPS) | J203: B11000 | K203: EMOLUMEN | M203: 3
... A658: KWP | B658: 10120004 | D658: 70141200 | E658: 0 | F658: 70141200 | G658: 1 | I658: UNIT PENGURUSAN FASILITI-UPF | J658: A93200 | K658: BANGUNAN | M658: 3
A659: KWP | B659: 10120001 | C659: PM.000002.K01 | D659: 0 | E659: 0 | F659: 0 | G659: 1 | I659: SUMBER MANUSIA-BSM | J659: B31000 | K659: BAYARAN PROJEK | L659: P'binaan Kampus ABM Sbh- P'ltkn Kontraktor Binaan | M659: 3
A660: KWP | B660: 10120001 | C660: PM.000002.K02 | D660: 48775200 | E660: 5900610 | F660: 42874590 | G660: 2 | I660: SUMBER MANUSIA-BSM | J660: B31000 | K660: BAYARAN PROJEK | L660: P'binaan Kampus ABM Sbh- Kontraktor KTI Sdn Bhd | M660: 3
A661: KWP | B661: 10120001 | C661: PM.000002.P01 | D661: 500000 | E661: 406404.04 | F661: 93595.96 | G661: 2 | I661: SUMBER MANUSIA-BSM | J661: B31000 | K661: BAYARAN PROJEK | L661: Pembinaan Kampus ABM Sbh-Perunding Arkitek | M661: 3
A662: KWP | B662: 10120001 | C662: PM.000002.P02 | D662: 500000 | E662: 59689.44 | F662: 440310.56 | G662: 2 | I662: SUMBER MANUSIA-BSM | J662: B31000 | K662: BAYARAN PROJEK | L662: P'binaan Kampus ABM Sabah-Perunding Jurutera Sivil | M662: 3
A663: KWP | B663: 10120001 | C663: PM.000002.P03 | D663: 400000 | E663: 139773.6 | F663: 260226.4 | G663: 2 | I663: SUMBER MANUSIA-BSM | J663: B31000 | K663: BAYARAN PROJEK | L663: ABM Sabah-Perunding Jurutera Mekanikal | M663: 3
A664: KWP | B664: 10120001 | C664: PM.000002.P05 | D664: 300000 | E664: 0 | F664: 300000 | G664: 1 | I664: SUMBER MANUSIA-BSM | J664: B31000 | K664: BAYARAN PROJEK | L664: Pembinaan Kampus ABM Sabah-Perunding Ukur Bahan | M664: 3
A665: KWP | B665: 10120001 | C665: PM.000002.P08 | D665: 200000 | E665: 0 | F665: 200000 | G665: 1 | I665: SUMBER MANUSIA-BSM | J665: B31000 | K665: BAYARAN PROJEK | L665: Pembinaan Kampus ABM Sabah-Perunding BIM | M665: 3
A666: KWP | B666: 10120001 | C666: PM.000008.K01 | D666: 6000000 | E666: 2022233.2 | F666: 3977766.8 | G666: 2 | I666: SUMBER MANUSIA-BSM | J666: B31000 | K666: BAYARAN PROJEK | L666: Kompleks CIDB Johor-Perlantikan Kontraktor Binaan | M666: 3
A667: KWP | B667: 10120001 | C667: PM.000008.P01 | D667: 300000 | E667: 0 | F667: 300000 | G667: 1 | I667: SUMBER MANUSIA-BSM | J667: B31000 | K667: BAYARAN PROJEK | L667: Kompleks CIDB Johor-Perunding Arkitek | M667: 3
A668: KWP | B668: 10120001 | C668: PM.000008.P02 | D668: 300000 | E668: 51343.2 | F668: 248656.8 | G668: 2 | I668: SUMBER MANUSIA-BSM | J668: B31000 | K668: BAYARAN PROJEK | L668: Kompleks CIDB Johor-Perunding Jurutera Sivil | M668: 3
A669: KWP | B669: 10120001 | C669: PM.000008.P03 | D669: 200000 | E669: 29376 | F669: 170624 | G669: 2 | I669: SUMBER MANUSIA-BSM | J669: B31000 | K669: BAYARAN PROJEK | L669: Kompleks CIDB Jhr-Perunding Mekanikal & Elektrikal | M669: 3
A670: KWP | B670: 10120001 | C670: PM.000008.P05 | D670: 100000 | E670: 0 | F670: 100000 | G670: 1 | I670: SUMBER MANUSIA-BSM | J670: B31000 | K670: BAYARAN PROJEK | L670: Kompleks CIDB Johor-Perunding Jurukur Bahan | M670: 3
... A680: KWP | B680: 10120004 | C680: PM.000070.K01 | D680: 437100 | E680: 437099 | F680: 1 | G680: 2 | I680: UNIT PENGURUSAN FASILITI-UPF | J680: B31000 | K680: BAYARAN PROJEK | L680: UBAHSUAI PEJABAT CIDB NEGERI PERAK-KONT BINAAN | M680: 3
A681: KWP | B681: 10120002 | D681: 6500000 | E681: 0 | F681: 6500000 | G681: 1 | I681: TEKNOLOGI MAKLUMAT-BTM | J681: A93300 | K681: SISTEM KOMPUTER | M681: 3
A682: KWP | B682: 10120002 | C682: PT.000004.P13 | D682: 295000 | E682: 294030 | F682: 970 | G682: 2 | I682: TEKNOLOGI MAKLUMAT-BTM | J682: B31000 | K682: BAYARAN PROJEK | L682: Penambahbaikkan SAP 2026 | M682: 3
A683: KWP | B683: 10120002 | C683: PT.000025.P10 | D683: 250000 | E683: 180900 | F683: 69100 | G683: 2 | I683: TEKNOLOGI MAKLUMAT-BTM | J683: B31000 | K683: BAYARAN PROJEK | L683: CCPM 2026 | M683: 3
A684: KWP | B684: 10120002 | C684: PT.000041.P09 | D684: 1600000 | E684: 581823 | F684: 1018177 | G684: 2 | I684: TEKNOLOGI MAKLUMAT-BTM | J684: B31000 | K684: BAYARAN PROJEK | L684: CR CIMS 2026 | M684: 3
A685: KWP | B685: 10120002 | C685: PT.000045.P08 | D685: 300000 | E685: 165240 | F685: 134760 | G685: 2 | I685: TEKNOLOGI MAKLUMAT-BTM | J685: B31000 | K685: BAYARAN PROJEK | L685: Sistem Pendaftaran Personel Binaan 2026 | M685: 3
A686: KWP | B686: 10120002 | C686: PT.000048.P08 | D686: 450000 | E686: 0 | F686: 450000 | G686: 1 | I686: TEKNOLOGI MAKLUMAT-BTM | J686: B31000 | K686: BAYARAN PROJEK | L686: Competency Management System (CMS) 2026 | M686: 3
A687: KWP | B687: 10120002 | C687: PT.000053.P06 | D687: 100000 | E687: 0 | F687: 100000 | G687: 1 | I687: TEKNOLOGI MAKLUMAT-BTM | J687: B31000 | K687: BAYARAN PROJEK | L687: Sistem eAset eStor 2026 | M687: 3
A688: KWP | B688: 10120002 | C688: PT.000054.P07 | D688: 100000 | E688: 82080 | F688: 17920 | G688: 2 | I688: TEKNOLOGI MAKLUMAT-BTM | J688: B31000 | K688: BAYARAN PROJEK | L688: PMS 2026 | M688: 3
A689: KWP | B689: 10120002 | C689: PT.000061.P05 | D689: 819000 | E689: 0 | F689: 819000 | G689: 1 | I689: TEKNOLOGI MAKLUMAT-BTM | J689: B31000 | K689: BAYARAN PROJEK | L689: Portal Staf 2026 | M689: 3
A690: KWP | B690: 10120002 | C690: PT.000066.P04 | D690: 1316000 | E690: 395502.74 | F690: 920497.26 | G690: 2 | I690: TEKNOLOGI MAKLUMAT-BTM | J690: B31000 | K690: BAYARAN PROJEK | L690: IDEAL 2026 | M690: 3
A691: KWP | B691: 10120002 | C691: PT.000067.P04 | D691: 220000 | E691: 0 | F691: 220000 | G691: 1 | I691: TEKNOLOGI MAKLUMAT-BTM | J691: B31000 | K691: BAYARAN PROJEK | L691: ELMS 2026 | M691: 3
A692: KWP | B692: 10120002 | C692: PT.000079.P02 | D692: 450000 | E692: 0 | F692: 450000 | G692: 1 | I692: TEKNOLOGI MAKLUMAT-BTM | J692: B31000 | K692: BAYARAN PROJEK | L692: Sistem Repositori Dokumen 2026 | M692: 3
A693: KWP | B693: 10120002 | C693: PT.000080.P02 | D693: 600000 | E693: 408647.5 | F693: 191352.5 | G693: 2 | I693: TEKNOLOGI MAKLUMAT-BTM | J693: B31000 | K693: BAYARAN PROJEK | L693: Sistem Automasi Bangunan CIDB (BAS) 2026 | M693: 3
A695: KWM | B695: 10120001 | D695: 0 | E695: -517063.8 | F695: 517063.8 | G695: 1 | I695: SUMBER MANUSIA-BSM | J695: A34000 | K695: KENDERAAN | M695: 3
A696: KWM | B696: 10120004 | D696: 1400000 | E696: 942560 | F696: 457440 | G696: 2 | I696: UNIT PENGURUSAN FASILITI-UPF | J696: A34000 | K696: KENDERAAN | M696: 3
A697: KWM | B697: 10120001 | D697: 0 | E697: -264716 | F697: 264716 | G697: 1 | I697: SUMBER MANUSIA-BSM | J697: A35000 | K697: KELENGKAPAN PEJABAT | M697: 3
A698: KWM | B698: 10120004 | D698: 544900 | E698: 70357 | F698: 474543 | G698: 2 | I698: UNIT PENGURUSAN FASILITI-UPF | J698: A35000 | K698: KELENGKAPAN PEJABAT | M698: 3
A699: KWM | B699: 10200001 | D699: 25400 | E699: 25325 | F699: 75 | G699: 2 | I699: PL-PERLIS | J699: A35000 | K699: KELENGKAPAN PEJABAT | M699: 3
A700: KWM | B700: 10200002 | D700: 89500 | E700: 71167.8 | F700: 18332.2 | G700: 2 | I700: KD-KEDAH | J700: A35000 | K700: KELENGKAPAN PEJABAT | M700: 3
A701: KWM | B701: 10200003 | D701: 12000 | E701: 0 | F701: 12000 | G701: 1 | I701: PP-PULAU PINANG | J701: A35000 | K701: KELENGKAPAN PEJABAT | M701: 3
A702: KWM | B702: 10200004 | D702: 35000 | E702: 0 | F702: 35000 | G702: 1 | I702: PR-PERAK | J702: A35000 | K702: KELENGKAPAN PEJABAT | M702: 3
A703: KWM | B703: 10200005 | D703: 13000 | E703: 0 | F703: 13000 | G703: 1 | I703: SL-SELANGOR | J703: A35000 | K703: KELENGKAPAN PEJABAT | M703: 3
A704: KWM | B704: 10200006 | D704: 49600 | E704: 30435 | F704: 19165 | G704: 2 | I704: WP-WILAYAH PERSEKUTUAN (KL) | J704: A35000 | K704: KELENGKAPAN PEJABAT | M704: 3
A705: KWM | B705: 10200007 | D705: 20000 | E705: 0 | F705: 20000 | G705: 1 | I705: NS-NEGERI SEMBILAN | J705: A35000 | K705: KELENGKAPAN PEJABAT | M705: 3
A706: KWM | B706: 10200008 | D706: 20000 | E706: 17172 | F706: 2828 | G706: 2 | I706: ML-MELAKA | J706: A35000 | K706: KELENGKAPAN PEJABAT | M706: 3
... A724: KWM | B724: 10130005 | D724: 9100000 | E724: 0 | F724: 9100000 | G724: 1 | I724: NA-BAHAGIAN OPERASI SETEMPAT | J724: A39100 | K724: MESIN & PERALATAN | M724: 3

Sheet SUMMARY KOD
A1: BIL. | B1: BIL2. | C1: KATEGORI | D1: ITEM | F1: KOD ITEM | H1: KOD CI | I1: NEW KOD CI | J1: NEW KOD ITEM | K1: NEW KOD ITEM2
A2: A | B2: 1 | C2: HASIL | D2: LEVI KONTRAK | E2: H-A. | F2: LV | H2: LEVI | I2: LEVI | J2: =CONCATENATE(E2,F2) -> H-A.LV
B3: 2 | C3: HASIL | D3: YURAN PENDAFTARAN | E3: H-B. | F3: YP-PK | H3: YP-PK | I3: YP-PK | J3: =CONCATENATE(E3,F3) -> H-B.YP-PK
C4: HASIL | D4: YURAN PENDAFTARAN | E4: H-B. | F4: YP-PB | H4: YP-PPB | I4: YP-PB | J4: =CONCATENATE(E4,F4) -> H-B.YP-PB
B5: 3 | C5: HASIL | D5: FAEDAH & DIVIDEN | E5: H-C. | F5: FD | H5: FDHD | I5: FDHD | J5: =CONCATENATE(E5,F5) -> H-C.FD
B6: 4 | C6: HASIL | D6: PENILAIAN KEMAHIRAN | E6: H-D. | F6: PK | H6: PK | I6: PK | J6: =CONCATENATE(E6,F6) -> H-D.PK
B7: 5 | C7: HASIL | D7: PELBAGAI HASIL | E7: H-E. | F7: 1.LHUP.YK | H7: YK-YKK | I7: -i.YKK | J7: =CONCATENATE(E7,F7) -> H-E.1.LHUP.YK | K7: =CONCATENATE(J7,I7) -> H-E.1.LHUP.YK-i.YKK
C8: HASIL | D8: PELBAGAI HASIL | E8: H-E. | F8: 1.LHUP.YK | H8: YK-YKPB | I8: -ii.YKPB | J8: =CONCATENATE(E8,F8) -> H-E.1.LHUP.YK | K8: =CONCATENATE(J8,I8) -> H-E.1.LHUP.YK-ii.YKPB
C9: HASIL | D9: PELBAGAI HASIL | E9: H-E. | F9: 1.LHUP.YK | H9: YK-YKBS | I9: -iii.YKBS | J9: =CONCATENATE(E9,F9) -> H-E.1.LHUP.YK | K9: =CONCATENATE(J9,I9) -> H-E.1.LHUP.YK-iii.YKBS
C10: HASIL | D10: PELBAGAI HASIL | E10: H-E. | F10: 1.LHUP.YK | H10: YK-YKKorp | I10: -iv.YKKorp | J10: =CONCATENATE(E10,F10) -> H-E.1.LHUP.YK | K10: =CONCATENATE(J10,I10) -> H-E.1.LHUP.YK-iv.YKKorp
C11: HASIL | D11: PELBAGAI HASIL | E11: H-E. | F11: 1.LHUP.YK | H11: YK-YKSHEQ | I11: -v.YKSHEQ | J11: =CONCATENATE(E11,F11) -> H-E.1.LHUP.YK | K11: =CONCATENATE(J11,I11) -> H-E.1.LHUP.YK-v.YKSHEQ
C12: HASIL | D12: PELBAGAI HASIL | E12: H-E. | F12: 1.LHUP.YK | H12: YK-YKBB | I12: -vi.YKBB | J12: =CONCATENATE(E12,F12) -> H-E.1.LHUP.YK | K12: =CONCATENATE(J12,I12) -> H-E.1.LHUP.YK-vi.YKBB
C13: HASIL | D13: PELBAGAI HASIL | E13: H-E. | F13: 1.LHUP.YK | H13: YK-LLYK | I13: -vii.LLYK | J13: =CONCATENATE(E13,F13) -> H-E.1.LHUP.YK | K13: =CONCATENATE(J13,I13) -> H-E.1.LHUP.YK-vii.LLYK
C14: HASIL | D14: PELBAGAI HASIL | E14: H-E. | F14: 1.LHUP.VR | H14: VR-BI | I14: -i.BI | J14: =CONCATENATE(E14,F14) -> H-E.1.LHUP.VR | K14: =CONCATENATE(J14,I14) -> H-E.1.LHUP.VR-i.BI
C15: HASIL | D15: PELBAGAI HASIL | E15: H-E. | F15: 1.LHUP.VR | H15: VR-BT | I15: -ii.BT | J15: =CONCATENATE(E15,F15) -> H-E.1.LHUP.VR | K15: =CONCATENATE(J15,I15) -> H-E.1.LHUP.VR-ii.BT
C16: HASIL | D16: PELBAGAI HASIL | E16: H-E. | F16: 2.LHUP.JUAL DOK. | H16: JUAL-DOK | I16: -i.DOK. | J16: =CONCATENATE(E16,F16) -> H-E.2.LHUP.JUAL DOK. | K16: =CONCATENATE(J16,I16) -> H-E.2.LHUP.JUAL DOK.-i.DOK.
C17: HASIL | D17: PELBAGAI HASIL | E17: H-E. | F17: 2.LHUP.JUAL DOK. | H17: JUAL-TENDER | I17: -ii.TENDER | J17: =CONCATENATE(E17,F17) -> H-E.2.LHUP.JUAL DOK. | K17: =CONCATENATE(J17,I17) -> H-E.2.LHUP.JUAL DOK.-ii.TENDER
C18: HASIL | D18: PELBAGAI HASIL | E18: H-E. | F18: 3.LHUP.SEWA | H18: LLP-SEWA-TNH | I18: -i.TNH | J18: =CONCATENATE(E18,F18) -> H-E.3.LHUP.SEWA | K18: =CONCATENATE(J18,I18) -> H-E.3.LHUP.SEWA-i.TNH
C19: HASIL | D19: PELBAGAI HASIL | E19: H-E. | F19: 3.LHUP.SEWA | H19: LLP-SEWA-BGN | I19: -ii.-BGN | J19: =CONCATENATE(E19,F19) -> H-E.3.LHUP.SEWA | K19: =CONCATENATE(J19,I19) -> H-E.3.LHUP.SEWA-ii.-BGN
C20: HASIL | D20: PELBAGAI HASIL | E20: H-E. | F20: 4.LHUP.CAJ SEKATAN | H20: LLP-UP CAJ SEKATAN | I20: CAJ SEKATAN | J20: =CONCATENATE(E20,F20) -> H-E.4.LHUP.CAJ SEKATAN
C21: HASIL | D21: PELBAGAI HASIL | E21: H-E. | F21: 5.LHUP | H21: LLP-UP | I21: LLHP | J21: =CONCATENATE(E21,F21) -> H-E.5.LHUP
C22: HASIL | D22: PELBAGAI HASIL | E22: H-E. | F22: 6.LHUBP.PENALTI | H22: PENALTI | J22: =CONCATENATE(E22,F22) -> H-E.6.LHUBP.PENALTI
C23: HASIL | D23: PELBAGAI HASIL | E23: H-E. | F23: 7.LHUBP.KOMPAUN | H23: KOMPAUN | J23: =CONCATENATE(E23,F23) -> H-E.7.LHUBP.KOMPAUN
C24: HASIL | D24: PELBAGAI HASIL | E24: H-E. | F24: 8.LHUBP.GERAN | H24: GERAN | J24: =CONCATENATE(E24,F24) -> H-E.8.LHUBP.GERAN
C25: HASIL | D25: PELBAGAI HASIL | E25: H-E. | F25: 9.LHUBP.SUMBGN | H25: SUMBGN | J25: =CONCATENATE(E25,F25) -> H-E.9.LHUBP.SUMBGN
C26: HASIL | D26: PELBAGAI HASIL | E26: H-E. | F26: 10.LLH.JUAL ASET | H26: LLH-JUAL ASET | J26: =CONCATENATE(E26,F26) -> H-E.10.LLH.JUAL ASET
C27: HASIL | D27: PELBAGAI HASIL | E27: H-E. | F27: 11.LLH.HK/PHR LEVI | H27: LLH-PHR LEVI | I27: -i.PHR LEVI | J27: =CONCATENATE(E27,F27) -> H-E.11.LLH.HK/PHR LEVI | K27: =CONCATENATE(J27,I27) -> H-E.11.LLH.HK/PHR LEVI-i.PHR LEVI
C28: HASIL | D28: PELBAGAI HASIL | E28: H-E. | F28: 11.LLH.HK/PHR LEVI | H28: LLH-HK LEVI | I28: -ii.HK LEVI | J28: =CONCATENATE(E28,F28) -> H-E.11.LLH.HK/PHR LEVI | K28: =CONCATENATE(J28,I28) -> H-E.11.LLH.HK/PHR LEVI-ii.HK LEVI
C29: HASIL | D29: PELBAGAI HASIL | E29: H-E. | F29: 12.LLH.MUDHARABAH | H29: LLH-MUDHARABAH | J29: =CONCATENATE(E29,F29) -> H-E.12.LLH.MUDHARABAH
C30: HASIL | D30: PELBAGAI HASIL | E30: H-E. | F30: 13.LLH | H30: LLH | J30: =CONCATENATE(E30,F30) -> H-E.13.LLH
J32: BYR HR
H33: HR | I33: DR BELJ HR | J33: DR BANK | K33: DR PHR
I34: CR PHR LEVI | J34: CR LLH-PHR LEVI | K34: CR AR LEVI
J35: BYR HL
H36: HK HL | I36: DR PHR LEVI | J36: DR BANK
I37: CR AR LEVI | J37: cr LLH-HK LEVI

Sheet HASIL
A1: Fund | B1: Funds Center | C1: Funds Center Description | D1: Commitment Item | E1: KOD AKAUN | F1: KOD CI | G1: Commitment Item Description | H1: PTJ | I1: BAJET 2026 | J1: BAJET 06-2026 | K1: SEBENAR 06-2026 | L1: AUDITED 06-2025 | M1: PRESTASI 06-2026 | N1: PRESTASI 2026 | O1: PRESTASI 26 vs 25 | P1: BAKI BAJET 2026 | R1: BAJET 03-2026 | S1: SEBENAR 03-2026 | T1: AUDITED 03-2025 | U1: PRESTASI 03-2026 | V1: PRESTASI 2026 | W1: PRESTASI 26 vs 25 | X1: BAKI BAJET 2026 | Z1: TEMP | AA1: CI.PTJ
A3: KWM | B3: 10130001 | C3: PENGURUSAN LEVI-BPLV | D3: H62100 | F3: LEVI | G3: LEVI | H3: =VLOOKUP(B3,PTJ!D:E,2,0) -> BPLV | I3: 290000000 | J3: 145000000 | K3: 1.8354243e+08 | L3: 1.56519e+08 | M3: =K3/J3 -> 1.2658099 | N3: =K3/I3 -> 0.63290495 | O3: =K3/L3 -> 1.1726527 | P3: =I3-K3 -> 1.0645757e+08 | R3: 72500000 | S3: 85455559 | T3: 68409608 | U3: =S3/R3 -> 1.1786974 | V3: =S3/I3 -> 0.29467434 | W3: =S3/T3 -> 1.2491748 | X3: =I3-R3 -> 217500000 | Z3: . | AA3: H62100.10130001
A4: KWM | B4: 10150008 | C4: PDFTRN KONTRAKTOR&PERSONEL BINAAN-BPKPB | D4: H71100 | F4: YP-PPB | G4: FI PENDAFTARAN PERSONEL BINAAN | H4: =VLOOKUP(B4,PTJ!D:E,2,0) -> BPKPB | I4: 48625000 | J4: 23000000 | K4: 22854695 | L4: 20636120 | M4: =K4/J4 -> 0.99368239 | N4: =K4/I4 -> 0.47001943 | O4: =K4/L4 -> 1.1075093 | P4: =I4-K4 -> 25770305 | R4: 12156200 | S4: 9882600 | T4: 9687245 | U4: =S4/R4 -> 0.81296787 | V4: =S4/I4 -> 0.20324113 | W4: =S4/T4 -> 1.0201662 | X4: =I4-R4 -> 36468800 | Z4: . | AA4: H71100.10150008
A5: KWM | B5: 10150008 | C5: PDFTRN KONTRAKTOR&PERSONEL BINAAN-BPKPB | D5: H71200 | F5: YP-PK | G5: FI PENDAFTARAN KONTRAKTOR | H5: =VLOOKUP(B5,PTJ!D:E,2,0) -> BPKPB | I5: 48400000 | J5: 25600000 | K5: 25519175 | L5: 23185065 | M5: =K5/J5 -> 0.99684277 | N5: =K5/I5 -> 0.52725568 | O5: =K5/L5 -> 1.100673 | P5: =I5-K5 -> 22880825 | R5: 12100000 | S5: 11619225 | T5: 10882005 | U5: =S5/R5 -> 0.96026653 | V5: =S5/I5 -> 0.24006663 | W5: =S5/T5 -> 1.0677467 | X5: =I5-R5 -> 36300000 | Z5: . | AA5: H71200.10150008
A6: KWM | B6: 10150009 | C6: LATIHAN & AKREDITASI (BLA) | D6: H71300 | F6: PK | G6: PENILAIAN KEMAHIRAN | H6: =VLOOKUP(B6,PTJ!D:E,2,0) -> BLA | I6: 19103600 | J6: 10000000 | K6: 15481700 | L6: 8251490 | M6: =K6/J6 -> 1.54817 | N6: =K6/I6 -> 0.81040746 | O6: =K6/L6 -> 1.8762308 | P6: =I6-K6 -> 3621900 | R6: 4775900 | S6: 7515230 | T6: 3565360 | U6: =S6/R6 -> 1.5735736 | V6: =S6/I6 -> 0.39339339 | W6: =S6/T6 -> 2.1078461 | X6: =I6-R6 -> 14327700 | Z6: . | AA6: H71300.10150009
A7: KWM | B7: 10120003 | C7: KEWANGAN & AKAUN-BKA | D7: H75100 | F7: FDHD | G7: FAEDAH DAN PEROLEHAN DARI PELABURAN | H7: =VLOOKUP(B7,PTJ!D:E,2,0) -> BKA | I7: 24782600 | J7: 12392600 | K7: 13213931 | L7: 12255022 | M7: =K7/J7 -> 1.0662759 | N7: =K7/I7 -> 0.5331939 | O7: =K7/L7 -> 1.0782462 | P7: =I7-K7 -> 11568669 | R7: 6195600 | S7: 6474873.2 | T7: 5947757.1 | U7: =S7/R7 -> 1.045076 | V7: =S7/I7 -> 0.2612669 | W7: =S7/T7 -> 1.0886243 | X7: =I7-R7 -> 18587000 | Z7: . | AA7: H75100.10120003
A8: KWM | B8: 10200001 | C8: PL-PERLIS | D8: H75100 | F8: FDHD | G8: FAEDAH DAN PEROLEHAN DARI PELABURAN | H8: =VLOOKUP(B8,PTJ!D:E,2,0) -> PL | I8: 100 | J8: 100 | K8: 28.57 | L8: 28.29 | M8: =K8/J8 -> 0.2857 | N8: =K8/I8 -> 0.2857 | O8: =K8/L8 -> 1.0098975 | P8: =I8-K8 -> 71.43 | R8: 100 | S8: 11.96 | T8: 15.47 | U8: =S8/R8 -> 0.1196 | V8: =S8/I8 -> 0.1196 | W8: =S8/T8 -> 0.77310924 | X8: =I8-R8 -> 0 | Z8: . | AA8: H75100.10200001
A9: KWM | B9: 10200002 | C9: KD-KEDAH | D9: H75100 | F9: FDHD | G9: FAEDAH DAN PEROLEHAN DARI PELABURAN | H9: =VLOOKUP(B9,PTJ!D:E,2,0) -> KD | I9: 3200 | J9: 1000 | K9: 948.49 | L9: 1653.14 | M9: =K9/J9 -> 0.94849 | N9: =K9/I9 -> 0.29640312 | O9: =K9/L9 -> 0.57375056 | P9: =I9-K9 -> 2251.51 | R9: 800 | S9: 152.64 | T9: 774.91 | U9: =S9/R9 -> 0.1908 | V9: =S9/I9 -> 0.0477 | W9: =S9/T9 -> 0.19697771 | X9: =I9-R9 -> 2400 | Z9: . | AA9: H75100.10200002
A10: KWM | B10: 10200003 | C10: PP-PULAU PINANG | D10: H75100 | F10: FDHD | G10: FAEDAH DAN PEROLEHAN DARI PELABURAN | H10: =VLOOKUP(B10,PTJ!D:E,2,0) -> PP | I10: 600 | J10: 300 | K10: 213.49 | L10: 290.11 | M10: =K10/J10 -> 0.71163333 | N10: =K10/I10 -> 0.35581667 | O10: =K10/L10 -> 0.73589328 | P10: =I10-K10 -> 386.51 | R10: 200 | S10: 191.77 | T10: 178.44 | U10: =S10/R10 -> 0.95885 | V10: =S10/I10 -> 0.31961667 | W10: =S10/T10 -> 1.074703 | X10: =I10-R10 -> 400 | Z10: . | AA10: H75100.10200003
A11: KWM | B11: 10200005 | C11: SL-SELANGOR | D11: H75100 | F11: FDHD | G11: FAEDAH DAN PEROLEHAN DARI PELABURAN | H11: =VLOOKUP(B11,PTJ!D:E,2,0) -> SL | I11: 1600 | J11: 500 | K11: 439.78 | L11: 1198.2 | M11: =K11/J11 -> 0.87956 | N11: =K11/I11 -> 0.2748625 | O11: =K11/L11 -> 0.36703388 | P11: =I11-K11 -> 1160.22 | R11: 400 | S11: 187.77 | T11: 717.32 | U11: =S11/R11 -> 0.469425 | V11: =S11/I11 -> 0.11735625 | W11: =S11/T11 -> 0.26176602 | X11: =I11-R11 -> 1200 | Z11: . | AA11: H75100.10200005
A12: KWM | B12: 10200006 | C12: WP-WILAYAH PERSEKUTUAN (KL) | D12: H75100 | F12: FDHD | G12: FAEDAH DAN PEROLEHAN DARI PELABURAN | H12: =VLOOKUP(B12,PTJ!D:E,2,0) -> WP | I12: 1500 | J12: 600 | K12: 521.42 | L12: 882.19 | M12: =K12/J12 -> 0.86903333 | N12: =K12/I12 -> 0.34761333 | O12: =K12/L12 -> 0.59105181 | P12: =I12-K12 -> 978.58 | R12: 300 | S12: 263.44 | T12: 349.71 | U12: =S12/R12 -> 0.87813333 | V12: =S12/I12 -> 0.17562667 | W12: =S12/T12 -> 0.75330989 | X12: =I12-R12 -> 1200 | Z12: . | AA12: H75100.10200006
A13: KWM | B13: 10200007 | C13: NS-NEGERI SEMBILAN | D13: H75100 | F13: FDHD | G13: FAEDAH DAN PEROLEHAN DARI PELABURAN | H13: =VLOOKUP(B13,PTJ!D:E,2,0) -> NS | I13: 200 | J13: 100 | K13: 13.76 | L13: 54.89 | M13: =K13/J13 -> 0.1376 | N13: =K13/I13 -> 0.0688 | O13: =K13/L13 -> 0.25068318 | P13: =I13-K13 -> 186.24 | R13: 100 | S13: 11.5 | T13: 35.77 | U13: =S13/R13 -> 0.115 | V13: =S13/I13 -> 0.0575 | W13: =S13/T13 -> 0.32149846 | X13: =I13-R13 -> 100 | Z13: . | AA13: H75100.10200007
A14: KWM | B14: 10200008 | C14: ML-MELAKA | D14: H75100 | F14: FDHD | G14: FAEDAH DAN PEROLEHAN DARI PELABURAN | H14: =VLOOKUP(B14,PTJ!D:E,2,0) -> ML | I14: 600 | J14: 200 | K14: 156.81 | L14: 367.29 | M14: =K14/J14 -> 0.78405 | N14: =K14/I14 -> 0.26135 | O14: =K14/L14 -> 0.42693784 | P14: =I14-K14 -> 443.19 | R14: 200 | S14: 156.81 | T14: 225.18 | U14: =S14/R14 -> 0.78405 | V14: =S14/I14 -> 0.26135 | W14: =S14/T14 -> 0.69637623 | X14: =I14-R14 -> 400 | Z14: . | AA14: H75100.10200008
... A23: KWM | B23: 10200032 | C23: SD-SANDAKAN | D23: H75100 | F23: FDHD | G23: FAEDAH DAN PEROLEHAN DARI PELABURAN | H23: =VLOOKUP(B23,PTJ!D:E,2,0) -> SD | I23: 100 | J23: 100 | K23: 34.26 | L23: 29.2 | M23: =K23/J23 -> 0.3426 | N23: =K23/I23 -> 0.3426 | O23: =K23/L23 -> 1.1732877 | P23: =I23-K23 -> 65.74 | R23: 100 | S23: 15.77 | T23: 14.31 | U23: =S23/R23 -> 0.1577 | V23: =S23/I23 -> 0.1577 | W23: =S23/T23 -> 1.1020266 | X23: =I23-R23 -> 0 | Z23: . | AA23: H75100.10200032
A24: KWM | B24: 10150008 | C24: PDFTRN KONTRAKTOR&PERSONEL BINAAN-BPKPB | D24: H72100 | E24: H72101 | F24: YK-YKK | G24: YURAN KURSUS | H24: =VLOOKUP(B24,PTJ!D:E,2,0) -> BPKPB | I24: 385000 | J24: 75000 | K24: 63800 | L24: 110550 | M24: =K24/J24 -> 0.85066667 | N24: =K24/I24 -> 0.16571429 | O24: =K24/L24 -> 0.57711443 | P24: =I24-K24 -> 321200 | R24: 96200 | S24: 3000 | T24: 33850 | U24: =S24/R24 -> 0.031185031 | V24: =S24/I24 -> 0.0077922078 | W24: =S24/T24 -> 0.088626292 | X24: =I24-R24 -> 288800 | Z24: . | AA24: H72100.10150008
A25: KWM | B25: 10150009 | C25: LATIHAN & AKREDITASI (BLA) | D25: H72100 | E25: H72101 | F25: YK-YKK | G25: YURAN KURSUS | H25: =VLOOKUP(B25,PTJ!D:E,2,0) -> BLA | I25: 9576000 | J25: 7425000 | K25: 5685525 | L25: 4545300 | M25: =K25/J25 -> 0.76572727 | N25: =K25/I25 -> 0.5937265 | O25: =K25/L25 -> 1.250858 | P25: =I25-K25 -> 3890475 | R25: 2394000 | S25: 2440400 | T25: 2273100 | U25: =S25/R25 -> 1.0193818 | V25: =S25/I25 -> 0.25484545 | W25: =S25/T25 -> 1.0735999 | X25: =I25-R25 -> 7182000 | Z25: . | AA25: H72100.10150009
A26: KWM | B26: 10150009 | C26: LATIHAN & AKREDITASI (BLA) | D26: H72100 | E26: H72102 | F26: YK-YKPB | G26: YURAN KURSUS | H26: =VLOOKUP(B26,PTJ!D:E,2,0) -> BLA | I26: 2079000 | J26: 519700 | K26: 417450 | L26: 1001255 | M26: =K26/J26 -> 0.80325188 | N26: =K26/I26 -> 0.20079365 | O26: =K26/L26 -> 0.41692676 | P26: =I26-K26 -> 1661550 | R26: 519700 | S26: 209225 | T26: 610305 | U26: =S26/R26 -> 0.40258803 | V26: =S26/I26 -> 0.10063733 | W26: =S26/T26 -> 0.34282039 | X26: =I26-R26 -> 1559300 | Z26: . | AA26: H72100.10150009
A27: KWM | B27: 10140008 | C27: PERSEKITARAN BISNES (BPS) | D27: H72100 | E27: H72103 | F27: YK-YKBS | G27: YURAN KURSUS | H27: =VLOOKUP(B27,PTJ!D:E,2,0) -> BPS | I27: 40000 | J27: 0 | K27: 0 | L27: 0 | M27: =K27/J27 -> #DIV/0! | N27: =K27/I27 -> 0 | O27: =K27/L27 -> #DIV/0! | P27: =I27-K27 -> 40000 | R27: 0 | S27: 0 | T27: 0 | U27: =S27/R27 -> #DIV/0! | V27: =S27/I27 -> 0 | W27: =S27/T27 -> #DIV/0! | X27: =I27-R27 -> 40000 | Z27: . | AA27: H72100.10140008
A28: KWM | B28: 10160003 | C28: KOMUNIKASI KORPORAT-BKK | D28: H72100 | E28: H72105 | F28: YK-YKKorp | G28: YURAN KURSUS | H28: =VLOOKUP(B28,PTJ!D:E,2,0) -> BKK | I28: 100000 | J28: 0 | K28: 0 | L28: 0 | M28: =K28/J28 -> #DIV/0! | N28: =K28/I28 -> 0 | O28: =K28/L28 -> #DIV/0! | P28: =I28-K28 -> 100000 | R28: 0 | S28: 0 | T28: 0 | U28: =S28/R28 -> #DIV/0! | V28: =S28/I28 -> 0 | W28: =S28/T28 -> #DIV/0! | X28: =I28-R28 -> 100000 | Z28: . | AA28: H72100.10160003
A29: KWM | B29: 10140007 | C29: PEMBANGUNAN TEKNOLOGI (BPT) | D29: H72100 | E29: H72106 | F29: YK-YKT | G29: YURAN KURSUS | H29: BPT | I29: 0 | J29: 0 | K29: 5695 | L29: 0 | M29: =K29/J29 -> #DIV/0! | N29: =K29/I29 -> #DIV/0! | O29: =K29/L29 -> #DIV/0! | P29: =I29-K29 -> -5695
A30: KWM | B30: 10140007 | C30: PEMBANGUNAN TEKNOLOGI (BPT) | D30: H72100 | E30: H72107 | F30: YK-YKSHEQ | G30: YURAN KURSUS | H30: BPT | I30: 0 | J30: 0 | K30: 21700 | L30: 7900 | M30: =K30/J30 -> #DIV/0! | N30: =K30/I30 -> #DIV/0! | O30: =K30/L30 -> 2.7468354 | P30: =I30-K30 -> -21700 | S30: 5000 | T30: 0 | U30: =S30/#REF! -> #REF! | V30: =S30/#REF! -> #REF! | W30: =S30/T30 -> #DIV/0! | X30: =#REF!-#REF! -> #REF!
A31: KWM | B31: 10130007 | C31: PEMATUHAN KUALITI BAHAN (BPKB) | D31: H72100 | E31: H72108 | F31: YK-YKBB | G31: YURAN KURSUS | H31: BPKB | I31: 0 | J31: 0 | K31: 5450 | L31: 550 | M31: =K31/J31 -> #DIV/0! | N31: =K31/I31 -> #DIV/0! | O31: =K31/L31 -> 9.9090909 | P31: =I31-K31 -> -5450 | S31: 1500 | T31: 0 | U31: =S31/#REF! -> #REF! | V31: =S31/#REF! -> #REF! | W31: =S31/T31 -> #DIV/0! | X31: =#REF!-#REF! -> #REF!
A32: KWM | B32: 10110003 | C32: PEJABAT PENASIHAT UNDANG-UNDANG-PPUU | D32: H72100 | E32: H72199 | F32: YK-LLYK | G32: YURAN KURSUS | H32: =VLOOKUP(B32,PTJ!D:E,2,0) -> PPUU | I32: 5000 | J32: 0 | K32: 0 | L32: 0 | M32: =K32/J32 -> #DIV/0! | N32: =K32/I32 -> 0 | O32: =K32/L32 -> #DIV/0! | P32: =I32-K32 -> 5000 | R32: 0 | S32: 0 | T32: 0 | U32: =S32/R32 -> #DIV/0! | V32: =S32/I32 -> 0 | W32: =S32/T32 -> #DIV/0! | X32: =I32-R32 -> 5000 | Z32: . | AA32: H72100.10110003
A33: KWM | B33: 10170003 | C33: PEMBANGUNAN PERSONEL BINAAN (BPB) | D33: H72100 | E33: H72199 | F33: YK-LLYK | G33: YURAN KURSUS | H33: =VLOOKUP(B33,PTJ!D:E,2,0) -> BPB | I33: 70000 | J33: 0 | K33: 0 | L33: 0 | M33: =K33/J33 -> #DIV/0! | N33: =K33/I33 -> 0 | O33: =K33/L33 -> #DIV/0! | P33: =I33-K33 -> 70000 | R33: 0 | S33: 0 | T33: 0 | U33: =S33/R33 -> #DIV/0! | V33: =S33/I33 -> 0 | W33: =S33/T33 -> #DIV/0! | X33: =I33-R33 -> 70000 | Z33: . | AA33: H72100.10170003
A34: KWM | B34: 10170004 | C34: PEMBANGUNAN KONTRAKTOR (BPK) | D34: H72100 | E34: H72199 | F34: YK-LLYK | G34: YURAN KURSUS | H34: =VLOOKUP(B34,PTJ!D:E,2,0) -> BPK | I34: 730500 | J34: 0 | K34: 0 | L34: 0 | M34: =K34/J34 -> #DIV/0! | N34: =K34/I34 -> 0 | O34: =K34/L34 -> #DIV/0! | P34: =I34-K34 -> 730500 | R34: 0 | S34: 0 | T34: 0 | U34: =S34/R34 -> #DIV/0! | V34: =S34/I34 -> 0 | W34: =S34/T34 -> #DIV/0! | X34: =I34-R34 -> 730500 | Z34: . | AA34: H72100.10170004
A35: KWM | B35: 10120003 | C35: KEWANGAN & AKAUN-BKA | D35: H72100 | E35: H72199 | F35: YK-LLYK | G35: YURAN KURSUS | H35: BKA | I35: 0 | J35: 0 | K35: 2400 | L35: 0 | M35: =K35/J35 -> #DIV/0! | N35: =K35/I35 -> #DIV/0! | O35: =K35/L35 -> #DIV/0! | P35: =I35-K35 -> -2400 | S35: 0 | T35: 0 | U35: =S35/R35 -> #DIV/0! | V35: =S35/I35 -> #DIV/0! | W35: =S35/T35 -> #DIV/0! | X35: =I35-R35 -> 0
A36: KWM | B36: 10200030 | C36: SB-SABAH | D36: H72100 | E36: H72199 | F36: YK-LLYK | G36: YURAN KURSUS | H36: SB | I36: 0 | J36: 0 | K36: 0 | L36: 9900 | M36: =K36/J36 -> #DIV/0! | N36: =K36/I36 -> #DIV/0! | O36: =K36/L36 -> 0 | P36: =I36-K36 -> 0 | S36: 0 | T36: 0 | U36: =S36/R36 -> #DIV/0! | V36: =S36/I36 -> #DIV/0! | W36: =S36/T36 -> #DIV/0! | X36: =I36-R36 -> 0
A37: KWM | B37: 10130007 | C37: PEMATUHAN KUALITI BAHAN (BPKB) | D37: H72200 | E37: H72201 | F37: VR-BI | G37: BAYARAN VERIFIKASI | H37: =VLOOKUP(B37,PTJ!D:E,2,0) -> BPKB | I37: 12650000 | J37: 9000000 | K37: 7127700 | L37: 6442300 | M37: =K37/J37 -> 0.79196667 | N37: =K37/I37 -> 0.56345455 | O37: =K37/L37 -> 1.1063906 | P37: =I37-K37 -> 5522300 | R37: 3162500 | S37: 3372300 | T37: 2868900 | U37: =S37/R37 -> 1.0663399 | V37: =S37/I37 -> 0.26658498 | W37: =S37/T37 -> 1.1754679 | X37: =I37-R37 -> 9487500 | Z37: . | AA37: H72200.10130007
A38: KWM | B38: 10130007 | C38: PEMATUHAN KUALITI BAHAN (BPKB) | D38: H72200 | E38: H72202 | F38: VR-BT | G38: BAYARAN VERIFIKASI | H38: =VLOOKUP(B38,PTJ!D:E,2,0) -> BPKB | I38: 1537500 | J38: 1000000 | K38: 816750 | L38: 769500 | M38: =K38/J38 -> 0.81675 | N38: =K38/I38 -> 0.53121951 | O38: =K38/L38 -> 1.0614035 | P38: =I38-K38 -> 720750 | R38: 384400 | S38: 392250 | T38: 411750 | U38: =S38/R38 -> 1.0204214 | V38: =S38/I38 -> 0.25512195 | W38: =S38/T38 -> 0.95264117 | X38: =I38-R38 -> 1153100 | Z38: . | AA38: H72200.10130007
A39: KWM | B39: 10140008 | C39: PERSEKITARAN BISNES (BPS) | D39: H73100 | E39: H73101 | F39: JUAL-DOK | G39: JUALAN BARANG-BARANG CETAK | H39: =VLOOKUP(B39,PTJ!D:E,2,0) -> BPS | I39: 22900 | J39: 6000 | K39: 0 | L39: 3045 | M39: =K39/J39 -> 0 | N39: =K39/I39 -> 0 | O39: =K39/L39 -> 0 | P39: =I39-K39 -> 22900 | R39: 0 | S39: 0 | T39: 2250 | U39: =S39/R39 -> #DIV/0! | V39: =S39/I39 -> 0 | W39: =S39/T39 -> 0 | X39: =I39-R39 -> 22900 | Z39: . | AA39: H73100.10140008
A40: KWM | B40: 10140007 | D40: H73100 | E40: H73101 | F40: JUAL-DOK | G40: JUALAN BARANG-BARANG CETAK | H40: BPT | I40: 0 | J40: 0 | K40: 3045 | L40: 2325 | M40: =K40/J40 -> #DIV/0! | N40: =K40/I40 -> #DIV/0! | O40: =K40/L40 -> 1.3096774 | P40: =I40-K40 -> -3045 | R40: 0 | S40: 1470 | T40: 1065 | U40: =S40/R40 -> #DIV/0! | V40: =S40/I40 -> #DIV/0! | W40: =S40/T40 -> 1.3802817 | X40: =I40-R40 -> 0 | Z40: . | AA40: H73100.10140007
A41: KWM | B41: 10160003 | D41: H73100 | E41: H73101 | F41: JUAL-DOK | G41: JUALAN BARANG-BARANG CETAK | H41: BKK | I41: 0 | J41: 0 | K41: 300 | L41: 0 | M41: =K41/J41 -> #DIV/0! | N41: =K41/I41 -> #DIV/0! | O41: =K41/L41 -> #DIV/0! | P41: =I41-K41 -> -300 | R41: 0 | S41: 300 | T41: 0 | U41: =S41/R41 -> #DIV/0! | V41: =S41/I41 -> #DIV/0! | W41: =S41/T41 -> #DIV/0! | X41: =I41-R41 -> 0 | Z41: . | AA41: H73100.10160003
A42: KWM | B42: 10200003 | D42: H73100 | E42: H73101 | F42: JUAL-DOK | G42: JUALAN BARANG-BARANG CETAK | H42: PP | I42: 0 | J42: 0 | K42: 0 | L42: 150 | M42: =K42/J42 -> #DIV/0! | N42: =K42/I42 -> #DIV/0! | O42: =K42/L42 -> 0 | P42: =I42-K42 -> 0 | R42: 0 | S42: 0 | T42: 150 | U42: =S42/R42 -> #DIV/0! | V42: =S42/I42 -> #DIV/0! | W42: =S42/T42 -> 0 | X42: =I42-R42 -> 0 | Z42: . | AA42: H73100.10200003
A43: KWM | B43: 10200004 | D43: H73100 | E43: H73101 | F43: JUAL-DOK | G43: JUALAN BARANG-BARANG CETAK | H43: PR | I43: 0 | J43: 0 | K43: 1200 | L43: 300 | M43: =K43/J43 -> #DIV/0! | N43: =K43/I43 -> #DIV/0! | O43: =K43/L43 -> 4 | P43: =I43-K43 -> -1200 | R43: 0 | S43: 150 | T43: 0 | U43: =S43/R43 -> #DIV/0! | V43: =S43/I43 -> #DIV/0! | W43: =S43/T43 -> #DIV/0! | X43: =I43-R43 -> 0 | Z43: . | AA43: H73100.10200004
A44: KWM | B44: 10200012 | D44: H73100 | E44: H73101 | F44: JUAL-DOK | G44: JUALAN BARANG-BARANG CETAK | H44: KN | I44: 0 | J44: 0 | K44: 300 | L44: 0 | M44: =K44/J44 -> #DIV/0! | N44: =K44/I44 -> #DIV/0! | O44: =K44/L44 -> #DIV/0! | P44: =I44-K44 -> -300 | R44: 0 | S44: 150 | T44: 0 | U44: =S44/R44 -> #DIV/0! | V44: =S44/I44 -> #DIV/0! | W44: =S44/T44 -> #DIV/0! | X44: =I44-R44 -> 0 | Z44: . | AA44: H73100.10200012
A45: KWM | B45: 10200009 | C45: JH-JOHOR | D45: H73100 | E45: H73101 | F45: JUAL-DOK | G45: JUALAN BARANG-BARANG CETAK | H45: JH | J45: 0 | K45: 0 | L45: 300 | M45: =K45/J45 -> #DIV/0! | N45: =K45/I45 -> #DIV/0! | O45: =K45/L45 -> 0 | P45: =I45-K45 -> 0
A46: KWM | B46: 10120001 | C46: SUMBER MANUSIA-BSM | D46: H73100 | E46: H73102 | F46: JUAL-TENDER | G46: JUALAN BARANG-BARANG CETAK | H46: =VLOOKUP(B46,PTJ!D:E,2,0) -> BSM | I46: 80000 | J46: 14000 | K46: 10750 | L46: 7600 | M46: =K46/J46 -> 0.76785714 | N46: =K46/I46 -> 0.134375 | O46: =K46/L46 -> 1.4144737 | P46: =I46-K46 -> 69250 | R46: 20000 | S46: 6400 | T46: 2100 | U46: =S46/R46 -> 0.32 | V46: =S46/I46 -> 0.08 | W46: =S46/T46 -> 3.047619 | X46: =I46-R46 -> 60000 | Z46: . | AA46: H73100.10120001
A47: KWM | B47: 10200008 | D47: H73100 | E47: H73102 | F47: JUAL-TENDER | G47: JUALAN BARANG-BARANG CETAK | H47: ML | I47: 0 | J47: 0 | K47: 350 | L47: 50 | M47: =K47/J47 -> #DIV/0! | N47: =K47/I47 -> #DIV/0! | O47: =K47/L47 -> 7 | P47: =I47-K47 -> -350 | R47: 0 | S47: 350 | T47: 50 | U47: =S47/R47 -> #DIV/0! | V47: =S47/I47 -> #DIV/0! | W47: =S47/T47 -> 7 | X47: =I47-R47 -> 0 | Z47: . | AA47: H73100.10200008
A48: KWM | B48: 10200030 | D48: H73100 | E48: H73102 | F48: JUAL-TENDER | G48: JUALAN BARANG-BARANG CETAK | H48: SB | I48: 0 | J48: 0 | K48: 200 | L48: 70000 | M48: =K48/J48 -> #DIV/0! | N48: =K48/I48 -> #DIV/0! | O48: =K48/L48 -> 0.0028571429 | P48: =I48-K48 -> -200 | R48: 0 | S48: 200 | U48: =S48/R48 -> #DIV/0! | V48: =S48/I48 -> #DIV/0! | W48: =S48/T48 -> #DIV/0! | X48: =I48-R48 -> 0 | Z48: . | AA48: H73100.10200030
A49: KWM | B49: 10150008 | C49: PDFTRN KONTRAKTOR&PERSONEL BINAAN-BPKPB | D49: H76100 | E49: H76102 | F49: PENALTI | G49: PENALTI & DENDA | H49: =VLOOKUP(B49,PTJ!D:E,2,0) -> BPKPB | I49: 650000 | J49: 284500 | K49: 240200 | L49: 366200 | M49: =K49/J49 -> 0.84428822 | N49: =K49/I49 -> 0.36953846 | O49: =K49/L49 -> 0.65592572 | P49: =I49-K49 -> 409800 | R49: 162500 | S49: 105200 | T49: 204000 | U49: =S49/R49 -> 0.64738462 | V49: =S49/I49 -> 0.16184615 | W49: =S49/T49 -> 0.51568627 | X49: =I49-R49 -> 487500 | Z49: . | AA49: H76100.10150008
A50: KWM | B50: 10200001 | C50: PL-PERLIS | D50: H76100 | E50: H76102 | F50: PENALTI | G50: PENALTI & DENDA | H50: =VLOOKUP(B50,PTJ!D:E,2,0) -> PL | I50: 57000 | J50: 55000 | K50: 45000 | L50: 3000 | M50: =K50/J50 -> 0.81818182 | N50: =K50/I50 -> 0.78947368 | O50: =K50/L50 -> 15 | P50: =I50-K50 -> 12000 | R50: 14200 | S50: 45000 | U50: =S50/R50 -> 3.1690141 | V50: =S50/I50 -> 0.78947368 | W50: =S50/T50 -> #DIV/0! | X50: =I50-R50 -> 42800 | Z50: . | AA50: H76100.10200001
A51: KWM | B51: 10200002 | C51: KD-KEDAH | D51: H76100 | E51: H76102 | F51: PENALTI | G51: PENALTI & DENDA | H51: =VLOOKUP(B51,PTJ!D:E,2,0) -> KD | I51: 171000 | J51: 45000 | K51: 38000 | L51: 102000 | M51: =K51/J51 -> 0.84444444 | N51: =K51/I51 -> 0.22222222 | O51: =K51/L51 -> 0.37254902 | P51: =I51-K51 -> 133000 | R51: 42700 | S51: 38000 | T51: 36000 | U51: =S51/R51 -> 0.88992974 | V51: =S51/I51 -> 0.22222222 | W51: =S51/T51 -> 1.0555556 | X51: =I51-R51 -> 128300 | Z51: . | AA51: H76100.10200002
A52: KWM | B52: 10200003 | C52: PP-PULAU PINANG | D52: H76100 | E52: H76102 | F52: PENALTI | G52: PENALTI & DENDA | H52: =VLOOKUP(B52,PTJ!D:E,2,0) -> PP | I52: 228000 | J52: 120000 | K52: 102000 | L52: 0 | M52: =K52/J52 -> 0.85 | N52: =K52/I52 -> 0.44736842 | O52: =K52/L52 -> #DIV/0! | P52: =I52-K52 -> 126000 | R52: 57000 | S52: 102000 | U52: =S52/R52 -> 1.7894737 | V52: =S52/I52 -> 0.44736842 | W52: =S52/T52 -> #DIV/0! | X52: =I52-R52 -> 171000 | Z52: . | AA52: H76100.10200003
A53: KWM | B53: 10200004 | C53: PR-PERAK | D53: H76100 | E53: H76102 | F53: PENALTI | G53: PENALTI & DENDA | H53: =VLOOKUP(B53,PTJ!D:E,2,0) -> PR | I53: 228000 | J53: 0 | K53: 0 | L53: 0 | M53: =K53/J53 -> #DIV/0! | N53: =K53/I53 -> 0 | O53: =K53/L53 -> #DIV/0! | P53: =I53-K53 -> 228000 | R53: 57000 | S53: 0 | T53: 0 | U53: =S53/R53 -> 0 | V53: =S53/I53 -> 0 | W53: =S53/T53 -> #DIV/0! | X53: =I53-R53 -> 171000 | Z53: . | AA53: H76100.10200004
A54: KWM | B54: 10200005 | C54: SL-SELANGOR | D54: H76100 | E54: H76102 | F54: PENALTI | G54: PENALTI & DENDA | H54: =VLOOKUP(B54,PTJ!D:E,2,0) -> SL | I54: 285000 | J54: 195500 | K54: 167000 | L54: 6500 | M54: =K54/J54 -> 0.85421995 | N54: =K54/I54 -> 0.58596491 | O54: =K54/L54 -> 25.692308 | P54: =I54-K54 -> 118000 | R54: 71200 | S54: 129000 | U54: =S54/R54 -> 1.8117978 | V54: =S54/I54 -> 0.45263158 | W54: =S54/T54 -> #DIV/0! | X54: =I54-R54 -> 213800 | Z54: . | AA54: H76100.10200005
A55: KWM | B55: 10200006 | C55: WP-WILAYAH PERSEKUTUAN (KL) | D55: H76100 | E55: H76102 | F55: PENALTI | G55: PENALTI & DENDA | H55: =VLOOKUP(B55,PTJ!D:E,2,0) -> WP | I55: 285000 | J55: 50000 | K55: 43000 | L55: 67000 | M55: =K55/J55 -> 0.86 | N55: =K55/I55 -> 0.15087719 | O55: =K55/L55 -> 0.64179104 | P55: =I55-K55 -> 242000 | R55: 71200 | S55: 0 | T55: 45000 | U55: =S55/R55 -> 0 | V55: =S55/I55 -> 0 | W55: =S55/T55 -> 0 | X55: =I55-R55 -> 213800 | Z55: . | AA55: H76100.10200006
A56: KWM | B56: 10200007 | C56: NS-NEGERI SEMBILAN | D56: H76100 | E56: H76102 | F56: PENALTI | G56: PENALTI & DENDA | H56: =VLOOKUP(B56,PTJ!D:E,2,0) -> NS | I56: 171000 | J56: 66000 | K56: 54500 | L56: 6500 | M56: =K56/J56 -> 0.82575758 | N56: =K56/I56 -> 0.31871345 | O56: =K56/L56 -> 8.3846154 | P56: =I56-K56 -> 116500 | R56: 42700 | S56: 0 | T56: 2000 | U56: =S56/R56 -> 0 | V56: =S56/I56 -> 0 | W56: =S56/T56 -> 0 | X56: =I56-R56 -> 128300 | Z56: . | AA56: H76100.10200007
A57: KWM | B57: 10200008 | C57: ML-MELAKA | D57: H76100 | E57: H76102 | F57: PENALTI | G57: PENALTI & DENDA | H57: =VLOOKUP(B57,PTJ!D:E,2,0) -> ML | I57: 171000 | J57: 13000 | K57: 11000 | L57: 18500 | M57: =K57/J57 -> 0.84615385 | N57: =K57/I57 -> 0.064327485 | O57: =K57/L57 -> 0.59459459 | P57: =I57-K57 -> 160000 | R57: 42700 | S57: 0 | T57: 18500 | U57: =S57/R57 -> 0 | V57: =S57/I57 -> 0 | W57: =S57/T57 -> 0 | X57: =I57-R57 -> 128300 | Z57: . | AA57: H76100.10200008
A58: KWM | B58: 10200009 | C58: JH-JOHOR | D58: H76100 | E58: H76102 | F58: PENALTI | G58: PENALTI & DENDA | H58: =VLOOKUP(B58,PTJ!D:E,2,0) -> JH | I58: 285000 | J58: 21000 | K58: 17000 | L58: 107000 | M58: =K58/J58 -> 0.80952381 | N58: =K58/I58 -> 0.059649123 | O58: =K58/L58 -> 0.1588785 | P58: =I58-K58 -> 268000 | R58: 71200 | S58: 2000 | T58: 107000 | U58: =S58/R58 -> 0.028089888 | V58: =S58/I58 -> 0.0070175439 | W58: =S58/T58 -> 0.018691589 | X58: =I58-R58 -> 213800 | Z58: . | AA58: H76100.10200009
A59: KWM | B59: 10200010 | C59: PH-PAHANG | D59: H76100 | E59: H76102 | F59: PENALTI | G59: PENALTI & DENDA | H59: =VLOOKUP(B59,PTJ!D:E,2,0) -> PH | I59: 228000 | J59: 6000 | K59: 5000 | L59: 69000 | M59: =K59/J59 -> 0.83333333 | N59: =K59/I59 -> 0.021929825 | O59: =K59/L59 -> 0.072463768 | P59: =I59-K59 -> 223000 | R59: 57000 | S59: 0 | T59: 17000 | U59: =S59/R59 -> 0 | V59: =S59/I59 -> 0 | W59: =S59/T59 -> 0 | X59: =I59-R59 -> 171000 | Z59: . | AA59: H76100.10200010
A60: KWM | B60: 10200011 | C60: TR-TERENGGANU | D60: H76100 | E60: H76102 | F60: PENALTI | G60: PENALTI & DENDA | H60: =VLOOKUP(B60,PTJ!D:E,2,0) -> TR | I60: 171000 | J60: 19000 | K60: 15500 | L60: 20000 | M60: =K60/J60 -> 0.81578947 | N60: =K60/I60 -> 0.090643275 | O60: =K60/L60 -> 0.775 | P60: =I60-K60 -> 155500 | R60: 42700 | S60: 15500 | T60: 15000 | U60: =S60/R60 -> 0.36299766 | V60: =S60/I60 -> 0.090643275 | W60: =S60/T60 -> 1.0333333 | X60: =I60-R60 -> 128300 | Z60: . | AA60: H76100.10200011
A61: KWM | B61: 10200012 | C61: KN-KELANTAN | D61: H76100 | E61: H76102 | F61: PENALTI | G61: PENALTI & DENDA | H61: =VLOOKUP(B61,PTJ!D:E,2,0) -> KN | I61: 114000 | J61: 0 | K61: 0 | L61: 19500 | M61: =K61/J61 -> #DIV/0! | N61: =K61/I61 -> 0 | O61: =K61/L61 -> 0 | P61: =I61-K61 -> 114000 | R61: 28500 | S61: 0 | T61: 0 | U61: =S61/R61 -> 0 | V61: =S61/I61 -> 0 | W61: =S61/T61 -> #DIV/0! | X61: =I61-R61 -> 85500 | Z61: . | AA61: H76100.10200012
A62: KWM | B62: 10200020 | C62: SR-SARAWAK | D62: H76100 | E62: H76102 | F62: PENALTI | G62: PENALTI & DENDA | H62: =VLOOKUP(B62,PTJ!D:E,2,0) -> SR | I62: 228000 | J62: 25000 | K62: 21500 | L62: 30000 | M62: =K62/J62 -> 0.86 | N62: =K62/I62 -> 0.094298246 | O62: =K62/L62 -> 0.71666667 | P62: =I62-K62 -> 206500 | R62: 57000 | S62: 11500 | T62: 30000 | U62: =S62/R62 -> 0.20175439 | V62: =S62/I62 -> 0.050438596 | W62: =S62/T62 -> 0.38333333 | X62: =I62-R62 -> 171000 | Z62: . | AA62: H76100.10200020
A63: KWM | B63: 10200030 | C63: SB-SABAH | D63: H76100 | E63: H76102 | F63: PENALTI | G63: PENALTI & DENDA | H63: =VLOOKUP(B63,PTJ!D:E,2,0) -> SB | I63: 228000 | J63: 0 | K63: 0 | L63: 42000 | M63: =K63/J63 -> #DIV/0! | N63: =K63/I63 -> 0 | O63: =K63/L63 -> 0 | P63: =I63-K63 -> 228000 | R63: 57000 | S63: 0 | T63: 42000 | U63: =S63/R63 -> 0 | V63: =S63/I63 -> 0 | W63: =S63/T63 -> 0 | X63: =I63-R63 -> 171000 | Z63: . | AA63: H76100.10200030
A64: KWM | B64: 10200001 | C64: PL-PERLIS | D64: H76200 | E64: H76201 | F64: KOMPAUN | G64: KOMPAUN | H64: =VLOOKUP(B64,PTJ!D:E,2,0) -> PL | I64: 395200 | J64: 95000 | K64: 78000 | L64: 18300 | M64: =K64/J64 -> 0.82105263 | N64: =K64/I64 -> 0.19736842 | O64: =K64/L64 -> 4.2622951 | P64: =I64-K64 -> 317200 | R64: 98800 | S64: 19000 | T64: 12500 | U64: =S64/R64 -> 0.19230769 | V64: =S64/I64 -> 0.048076923 | W64: =S64/T64 -> 1.52 | X64: =I64-R64 -> 296400 | Z64: . | AA64: H76200.10200001
A65: KWM | B65: 10200002 | C65: KD-KEDAH | D65: H76200 | E65: H76201 | F65: KOMPAUN | G65: KOMPAUN | H65: =VLOOKUP(B65,PTJ!D:E,2,0) -> KD | I65: 1185700 | J65: 285000 | K65: 246900 | L65: 155000 | M65: =K65/J65 -> 0.86631579 | N65: =K65/I65 -> 0.20823142 | O65: =K65/L65 -> 1.5929032 | P65: =I65-K65 -> 938800 | R65: 296400 | S65: 192200 | T65: 97500 | U65: =S65/R65 -> 0.64844804 | V65: =S65/I65 -> 0.16209834 | W65: =S65/T65 -> 1.9712821 | X65: =I65-R65 -> 889300 | Z65: . | AA65: H76200.10200002
A66: KWM | B66: 10200003 | C66: PP-PULAU PINANG | D66: H76200 | E66: H76201 | F66: KOMPAUN | G66: KOMPAUN | H66: =VLOOKUP(B66,PTJ!D:E,2,0) -> PP | I66: 1580900 | J66: 355000 | K66: 306500 | L66: 169050 | M66: =K66/J66 -> 0.86338028 | N66: =K66/I66 -> 0.19387691 | O66: =K66/L66 -> 1.8130731 | P66: =I66-K66 -> 1274400 | R66: 395200 | S66: 230500 | T66: 35550 | U66: =S66/R66 -> 0.58324899 | V66: =S66/I66 -> 0.14580302 | W66: =S66/T66 -> 6.4838256 | X66: =I66-R66 -> 1185700 | Z66: . | AA66: H76200.10200003
... A79: KWM | B79: 10170003 | C79: PEMBANGUNAN PERSONEL BINAAN (BPB) | D79: H83000 | E79: H83103 | F79: GERAN | G79: GERAN | H79: =VLOOKUP(B79,PTJ!D:E,2,0) -> BPB | I79: 250000 | J79: 40000 | K79: 33517.34 | L79: 133406.71 | M79: =K79/J79 -> 0.8379335 | N79: =K79/I79 -> 0.13406936 | O79: =K79/L79 -> 0.25124179 | P79: =I79-K79 -> 216482.66 | R79: 0 | S79: 0 | T79: 0 | U79: =S79/R79 -> #DIV/0! | V79: =S79/I79 -> 0 | W79: =S79/T79 -> #DIV/0! | X79: =I79-R79 -> 250000 | Z79: . | AA79: H83000.10170003
A80: KWM | B80: 10170004 | D80: H83000 | E80: H83113 | F80: GERAN | G80: GERAN | H80: BPK | I80: 0 | J80: 0 | K80: 0 | L80: 527978.02 | M80: =K80/J80 -> #DIV/0! | N80: =K80/I80 -> #DIV/0! | O80: =K80/L80 -> 0 | P80: =I80-K80 -> 0 | R80: 0 | S80: 0 | T80: 527978.02 | U80: =S80/R80 -> #DIV/0! | V80: =S80/I80 -> #DIV/0! | W80: =S80/T80 -> 0 | X80: =I80-R80 -> 0 | Z80: . | AA80: H83000.10170004
A81: KWM | B81: 10130007 | D81: H83100 | E81: H83131 | F81: SUMBGN | G81: SUMBGN | H81: BPKB | J81: 0 | K81: 0 | L81: 200000 | M81: =K81/J81 -> #DIV/0! | N81: =K81/I81 -> #DIV/0! | O81: =K81/L81 -> 0 | P81: =I81-K81 -> 0
A82: KWM | B82: 10140008 | D82: H83100 | E82: H83131 | F82: SUMBGN | G82: SUMBGN | H82: BPS | I82: 0 | J82: 0 | K82: 0 | L82: 1000000 | M82: =K82/J82 -> #DIV/0! | N82: =K82/I82 -> #DIV/0! | O82: =K82/L82 -> 0 | P82: =I82-K82 -> 0 | R82: 0 | S82: 0 | T82: 1000000 | U82: =S82/R82 -> #DIV/0! | V82: =S82/I82 -> #DIV/0! | W82: =S82/T82 -> 0 | X82: =I82-R82 -> 0 | Z82: . | AA82: .10140008
A83: KWM | B83: 10150009 | D83: H83100 | E83: H83131 | F83: SUMBGN | G83: SUMBGN | H83: BLA | J83: 0 | K83: 0 | L83: 1165400 | M83: =K83/J83 -> #DIV/0! | N83: =K83/I83 -> #DIV/0! | O83: =K83/L83 -> 0 | P83: =I83-K83 -> 0
A84: KWM | B84: 10120001 | C84: SUMBER MANUSIA-BSM | D84: H79100 | E84: H74102 | F84: LLP-SEWA-BGN | G84: LLP | H84: =VLOOKUP(B84,PTJ!D:E,2,0) -> BSM | I84: =1000000-85100 -> 914900 | J84: 202000 | K84: 158066.16 | L84: 162221.8 | M84: =K84/J84 -> 0.78250574 | N84: =K84/I84 -> 0.17276878 | O84: =K84/L84 -> 0.97438297 | P84: =I84-K84 -> 756833.84 | R84: 250000 | S84: 79033.08 | T84: 53188.72 | U84: =S84/R84 -> 0.31613232 | V84: =S84/I84 -> 0.086384392 | W84: =S84/T84 -> 1.4858993 | X84: =I84-R84 -> 664900 | Z84: . | AA84: H79100.10120001
A85: KWM | B85: 10200004 | D85: H79100 | E85: H74102 | F85: LLP-SEWA-BGN | G85: LLP | H85: PR | I85: 16000 | J85: 16000 | K85: 15642.48 | L85: 0 | M85: =K85/J85 -> 0.977655 | N85: =K85/I85 -> 0.977655 | O85: =K85/L85 -> #DIV/0! | P85: =I85-K85 -> 357.52 | Z85: . | AA85: H79100.10200004
A86: KWM | B86: 10200006 | D86: H79100 | E86: H74102 | F86: LLP-SEWA-BGN | G86: LLP | H86: WP | I86: 100 | K86: 100 | L86: 0 | M86: =K86/J86 -> #DIV/0! | N86: =K86/I86 -> 1 | O86: =K86/L86 -> #DIV/0! | P86: =I86-K86 -> 0 | R86: 0 | S86: 100 | U86: =S86/R86 -> #DIV/0! | V86: =S86/I86 -> 1 | W86: =S86/T86 -> #DIV/0! | X86: =I86-R86 -> 100 | Z86: . | AA86: H79100.10200006
A87: KWM | B87: 10200020 | D87: H79100 | E87: H74102 | F87: LLP-SEWA-BGN | G87: LLP | H87: SR | I87: 68000 | J87: 25000 | K87: 20440 | L87: 29430 | M87: =K87/J87 -> 0.8176 | N87: =K87/I87 -> 0.30058824 | O87: =K87/L87 -> 0.69452939 | P87: =I87-K87 -> 47560 | R87: 0 | S87: 10030 | T87: 14710 | U87: =S87/R87 -> #DIV/0! | V87: =S87/I87 -> 0.1475 | W87: =S87/T87 -> 0.68184908 | X87: =I87-R87 -> 68000 | Z87: . | AA87: H79100.10200020
A88: KWM | B88: 10200021 | D88: H79100 | E88: H74102 | F88: LLP-SEWA-BGN | G88: LLP | H88: MR | I88: 500 | J88: 500 | K88: 500 | L88: 0 | M88: =K88/J88 -> 1 | N88: =K88/I88 -> 1 | O88: =K88/L88 -> #DIV/0! | P88: =I88-K88 -> 0 | R88: 0 | S88: 500 | U88: =S88/R88 -> #DIV/0! | V88: =S88/I88 -> 1 | W88: =S88/T88 -> #DIV/0! | X88: =I88-R88 -> 500 | Z88: . | AA88: H79100.10200021
A89: KWM | B89: 10200023 | D89: H79100 | E89: H74102 | F89: LLP-SEWA-BGN | G89: LLP | H89: SI | I89: 500 | J89: 500 | K89: 500 | L89: 0 | M89: =K89/J89 -> 1 | N89: =K89/I89 -> 1 | O89: =K89/L89 -> #DIV/0! | P89: =I89-K89 -> 0 | R89: 0 | S89: 500 | U89: =S89/R89 -> #DIV/0! | V89: =S89/I89 -> 1 | W89: =S89/T89 -> #DIV/0! | X89: =I89-R89 -> 500 | Z89: . | AA89: H79100.10200023
A90: KWM | B90: 10120004 | C90: UNIT PENGURUSAN FASILITI-UPF | D90: H79100 | E90: H74102 | F90: LLP-SEWA-BGN | G90: LLP | H90: =VLOOKUP(B90,PTJ!D:E,2,0) -> UPF | I90: =576000-18000 -> 558000 | J90: 356000 | K90: 288000 | L90: 240000 | M90: =K90/J90 -> 0.80898876 | N90: =K90/I90 -> 0.51612903 | O90: =K90/L90 -> 1.2 | P90: =I90-K90 -> 270000 | R90: 144000 | S90: 144000 | T90: 120000 | U90: =S90/R90 -> 1 | V90: =S90/I90 -> 0.25806452 | W90: =S90/T90 -> 1.2 | X90: =I90-R90 -> 414000 | Z90: . | AA90: H79100.10120004
A91: KWM | B91: 10200009 | D91: H79100 | E91: H74101 | F91: LLP-SEWA-TNH | G91: LLP | H91: JH | I91: 18000 | J91: 9000 | K91: 9000 | L91: 9000 | M91: =K91/J91 -> 1 | N91: =K91/I91 -> 0.5 | O91: =K91/L91 -> 1 | P91: =I91-K91 -> 9000 | R91: 0 | S91: 4500 | T91: 6000 | U91: =S91/R91 -> #DIV/0! | V91: =S91/I91 -> 0.25 | W91: =S91/T91 -> 0.75 | X91: =I91-R91 -> 18000 | Z91: . | AA91: H79100.10200009
A92: KWM | B92: 10150008 | C92: PDFTRN KONTRAKTOR&PERSONEL BINAAN-BPKPB | D92: H79100 | E92: H79201 | F92: LLP-UP CAJ SEKATAN | G92: LLP | H92: =VLOOKUP(B92,PTJ!D:E,2,0) -> BPKPB | I92: 752500 | J92: 252500 | K92: 186050 | L92: 0 | M92: =K92/J92 -> 0.73683168 | N92: =K92/I92 -> 0.24724252 | O92: =K92/L92 -> #DIV/0! | P92: =I92-K92 -> 566450 | R92: 188100 | S92: 94050 | T92: 0 | U92: =S92/R92 -> 0.5 | V92: =S92/I92 -> 0.12498339 | W92: =S92/T92 -> #DIV/0! | X92: =I92-R92 -> 564400 | Z92: . | AA92: H79100.10150008
A93: KWM | B93: 10130003 | D93: H79100 | E93: H79201 | F93: LLP-UP CAJ SEKATAN | G93: LLP | H93: BPGK | I93: 0 | J93: 0 | K93: 925000 | L93: =375650-350 -> 375300 | M93: =K93/J93 -> #DIV/0! | N93: =K93/I93 -> #DIV/0! | O93: =K93/L93 -> 2.4646949 | P93: =I93-K93 -> -925000 | R93: 0 | S93: 81600 | T93: 207700 | U93: =S93/R93 -> #DIV/0! | V93: =S93/I93 -> #DIV/0! | W93: =S93/T93 -> 0.39287434 | X93: =I93-R93 -> 0 | Z93: . | AA93: H79100.10130003
A94: KWM | B94: 10130007 | C94: PEMATUHAN KUALITI BAHAN (BPKB) | D94: H79100 | E94: H79197 | F94: LLP-UP | G94: LLP | H94: =VLOOKUP(B94,PTJ!D:E,2,0) -> BPKB | I94: 115000 | J94: 0 | K94: 0 | L94: 0 | M94: =K94/J94 -> #DIV/0! | N94: =K94/I94 -> 0 | O94: =K94/L94 -> #DIV/0! | P94: =I94-K94 -> 115000 | R94: 0 | S94: 0 | T94: 0 | U94: =S94/R94 -> #DIV/0! | V94: =S94/I94 -> 0 | W94: =S94/T94 -> #DIV/0! | X94: =I94-R94 -> 115000 | Z94: . | AA94: H79100.10130007
A95: KWM | B95: 10160003 | C95: KOMUNIKASI KORPORAT-BKK | D95: H79100 | E95: H79197 | F95: LLP-UP | G95: LLP | H95: =VLOOKUP(B95,PTJ!D:E,2,0) -> BKK | I95: 235000 | J95: 0 | K95: 0 | L95: 0 | M95: =K95/J95 -> #DIV/0! | N95: =K95/I95 -> 0 | O95: =K95/L95 -> #DIV/0! | P95: =I95-K95 -> 235000 | R95: 0 | S95: 0 | T95: 0 | U95: =S95/R95 -> #DIV/0! | V95: =S95/I95 -> 0 | W95: =S95/T95 -> #DIV/0! | X95: =I95-R95 -> 235000 | Z95: . | AA95: H79100.10160003
A96: KWM | B96: 10120001 | D96: H79100 | E96: H79197 | F96: LLP-UP | G96: LLP | H96: BSM | I96: 0 | J96: 0 | K96: 10 | L96: 0 | M96: =K96/J96 -> #DIV/0! | N96: =K96/I96 -> #DIV/0! | O96: =K96/L96 -> #DIV/0! | P96: =I96-K96 -> -10 | R96: 0 | S96: 10 | T96: 0 | U96: =S96/R96 -> #DIV/0! | V96: =S96/I96 -> #DIV/0! | W96: =S96/T96 -> #DIV/0! | X96: =I96-R96 -> 0 | Z96: . | AA96: H79100.10120001
A97: KWM | B97: 10140007 | D97: H79100 | E97: H79197 | F97: LLP-UP | G97: LLP | H97: BPT | I97: 0 | J97: 0 | K97: 15700 | L97: 6300 | M97: =K97/J97 -> #DIV/0! | N97: =K97/I97 -> #DIV/0! | O97: =K97/L97 -> 2.4920635 | P97: =I97-K97 -> -15700 | R97: 0 | S97: 6400 | T97: 2700 | U97: =S97/R97 -> #DIV/0! | V97: =S97/I97 -> #DIV/0! | W97: =S97/T97 -> 2.3703704 | X97: =I97-R97 -> 0 | Z97: . | AA97: H79100.10140007
A98: KWM | B98: 10150009 | D98: H79100 | E98: H79197 | F98: LLP-UP | G98: LLP | H98: BLA | I98: 0 | J98: 0 | K98: 795750 | L98: 312450 | M98: =K98/J98 -> #DIV/0! | N98: =K98/I98 -> #DIV/0! | O98: =K98/L98 -> 2.5468075 | P98: =I98-K98 -> -795750 | R98: 0 | S98: 370350 | T98: 82550 | U98: =S98/R98 -> #DIV/0! | V98: =S98/I98 -> #DIV/0! | W98: =S98/T98 -> 4.4863719 | X98: =I98-R98 -> 0 | Z98: . | AA98: H79100.10150009
A99: KWM | B99: 10170004 | D99: H79100 | E99: H79197 | F99: LLP-UP | G99: LLP | H99: BPK | I99: 0 | J99: 0 | K99: 0 | L99: 434650 | M99: =K99/J99 -> #DIV/0! | N99: =K99/I99 -> #DIV/0! | O99: =K99/L99 -> 0 | P99: =I99-K99 -> 0 | R99: 0 | S99: 0 | T99: 269900 | U99: =S99/R99 -> #DIV/0! | V99: =S99/I99 -> #DIV/0! | W99: =S99/T99 -> 0 | X99: =I99-R99 -> 0 | Z99: . | AA99: H79100.10170004
A100: KWM | B100: 10200006 | D100: H79100 | E100: H79197 | F100: LLP-UP | G100: LLP | H100: WP | I100: 0 | J100: 0 | K100: 5 | L100: 0 | M100: =K100/J100 -> #DIV/0! | N100: =K100/I100 -> #DIV/0! | O100: =K100/L100 -> #DIV/0! | P100: =I100-K100 -> -5 | R100: 0 | S100: 5 | T100: 0 | U100: =S100/R100 -> #DIV/0! | V100: =S100/I100 -> #DIV/0! | W100: =S100/T100 -> #DIV/0! | X100: =I100-R100 -> 0 | Z100: . | AA100: H79100.10200006
A101: KWM | B101: 10200008 | D101: H79100 | E101: H79197 | F101: LLP-UP | G101: LLP | H101: ML | I101: 0 | J101: 0 | K101: 0 | L101: 10 | M101: =K101/J101 -> #DIV/0! | N101: =K101/I101 -> #DIV/0! | O101: =K101/L101 -> 0 | P101: =I101-K101 -> 0
A102: KWM | B102: 10200009 | D102: H79100 | E102: H79197 | F102: LLP-UP | G102: LLP | H102: JH | I102: 0 | J102: 0 | K102: 5 | L102: 0 | M102: =K102/J102 -> #DIV/0! | N102: =K102/I102 -> #DIV/0! | O102: =K102/L102 -> #DIV/0! | P102: =I102-K102 -> -5
A103: KWM | B103: 10120004 | C103: UNIT PENGURUSAN FASILITI-UPF | D103: H79200 | E103: H73201-2 | F103: LLH-JUAL ASET | G103: LLH | H103: =VLOOKUP(B103,PTJ!D:E,2,0) -> UPF | I103: =100000-1000 -> 99000 | J103: 12000 | K103: 10564.57 | L103: 129950.07 | M103: =K103/J103 -> 0.88038083 | N103: =K103/I103 -> 0.10671283 | O103: =K103/L103 -> 0.081297147 | P103: =I103-K103 -> 88435.43 | R103: 25000 | S103: 7802.5 | T103: 124778.97 | U103: =S103/R103 -> 0.3121 | V103: =S103/I103 -> 0.078813131 | W103: =S103/T103 -> 0.062530569 | X103: =I103-R103 -> 74000 | Z103: . | AA103: H79200.10120004
A104: KWM | B104: 10120002 | D104: H79200 | E104: H73201-2 | F104: LLH-JUAL ASET | G104: LLH | H104: BTM | J104: 0 | K104: 28 | L104: 0 | M104: =K104/J104 -> #DIV/0! | N104: =K104/I104 -> #DIV/0! | O104: =K104/L104 -> #DIV/0! | P104: =I104-K104 -> -28
A105: KWM | B105: 10200001 | D105: H79200 | E105: H73201-2 | F105: LLH-JUAL ASET | G105: LLH | H105: PL | J105: 0 | K105: 0 | L105: 382.2 | M105: =K105/J105 -> #DIV/0! | N105: =K105/I105 -> #DIV/0! | O105: =K105/L105 -> 0 | P105: =I105-K105 -> 0
A106: KWM | B106: 10200006 | D106: H79200 | E106: H73201-2 | F106: LLH-JUAL ASET | G106: LLH | H106: WP | I106: 500 | J106: 500 | K106: 455 | L106: 0 | M106: =K106/J106 -> 0.91 | N106: =K106/I106 -> 0.91 | O106: =K106/L106 -> #DIV/0! | P106: =I106-K106 -> 45 | R106: 0 | S106: 455 | U106: =S106/R106 -> #DIV/0! | V106: =S106/I106 -> 0.91 | W106: =S106/T106 -> #DIV/0! | X106: =I106-R106 -> 500 | Z106: . | AA106: H79200.10200006
A107: KWM | B107: 10200005 | D107: H79200 | E107: H73201-2 | F107: LLH-JUAL ASET | G107: LLH | H107: SL | I107: 0 | J107: 0 | K107: 0 | L107: 0.75 | M107: =K107/J107 -> #DIV/0! | N107: =K107/I107 -> #DIV/0! | O107: =K107/L107 -> 0 | P107: =I107-K107 -> 0 | R107: 0 | S107: 0 | T107: 0.75 | U107: =S107/R107 -> #DIV/0! | V107: =S107/I107 -> #DIV/0! | W107: =S107/T107 -> 0 | X107: =I107-R107 -> 0 | Z107: . | AA107: H79200.10200005
A108: KWM | B108: 10200009 | D108: H79200 | E108: H73201-2 | F108: LLH-JUAL ASET | G108: LLH | H108: JH | I108: 0 | J108: 0 | K108: 0 | L108: 3.3 | M108: =K108/J108 -> #DIV/0! | N108: =K108/I108 -> #DIV/0! | O108: =K108/L108 -> 0 | P108: =I108-K108 -> 0 | R108: 0 | S108: 0 | T108: 3.3 | U108: =S108/R108 -> #DIV/0! | V108: =S108/I108 -> #DIV/0! | W108: =S108/T108 -> 0 | X108: =I108-R108 -> 0 | Z108: . | AA108: H79200.10200009
A109: KWM | B109: 10200020 | D109: H79200 | E109: H73201-2 | F109: LLH-JUAL ASET | G109: LLH | H109: SR | I109: 500 | J109: 500 | K109: 455 | L109: 0 | M109: =K109/J109 -> 0.91 | N109: =K109/I109 -> 0.91 | O109: =K109/L109 -> #DIV/0! | P109: =I109-K109 -> 45 | R109: 0 | S109: 455 | U109: =S109/R109 -> #DIV/0! | V109: =S109/I109 -> 0.91 | W109: =S109/T109 -> #DIV/0! | X109: =I109-R109 -> 500 | Z109: . | AA109: H79200.10200020
A110: KWM | B110: 10200030 | D110: H79200 | E110: H73201-2 | F110: LLH-JUAL ASET | G110: LLH | H110: SB | J110: 0 | K110: 0 | L110: 168 | M110: =K110/J110 -> #DIV/0! | N110: =K110/I110 -> #DIV/0! | O110: =K110/L110 -> 0 | P110: =I110-K110 -> 0
A111: KWM | B111: 10200031 | D111: H79200 | E111: H73201-2 | F111: LLH-JUAL ASET | G111: LLH | H111: TW | J111: 0 | K111: 42 | L111: 0 | M111: =K111/J111 -> #DIV/0! | N111: =K111/I111 -> #DIV/0! | O111: =K111/L111 -> #DIV/0! | P111: =I111-K111 -> -42
A112: KWM | B112: 10150008 | C112: PDFTRN KONTRAKTOR&PERSONEL BINAAN-BPKPB | D112: H79200 | E112: H79103 | F112: LLH-MUDHARABAH | G112: LLH | H112: =VLOOKUP(B112,PTJ!D:E,2,0) -> BPKPB | I112: 266400 | J112: 266400 | K112: 280429.51 | L112: 0 | M112: =K112/J112 -> 1.0526633 | N112: =K112/I112 -> 1.0526633 | O112: =K112/L112 -> #DIV/0! | P112: =I112-K112 -> -14029.51 | R112: 0 | S112: 0 | T112: 0 | U112: =S112/R112 -> #DIV/0! | V112: =S112/I112 -> 0 | W112: =S112/T112 -> #DIV/0! | X112: =I112-R112 -> 266400 | Z112: . | AA112: H79200.10150008
A113: KWM | B113: 10120004 | D113: H79200 | E113: H79103 | F113: LLH-MUDHARABAH | G113: LLH | H113: UPF | I113: 0 | J113: 0 | K113: 0 | L113: 205432.57 | M113: =K113/J113 -> #DIV/0! | N113: =K113/I113 -> #DIV/0! | O113: =K113/L113 -> 0 | P113: =I113-K113 -> 0 | R113: 0 | S113: 0 | T113: 102707.57 | U113: =S113/R113 -> #DIV/0! | V113: =S113/I113 -> #DIV/0! | W113: =S113/T113 -> 0 | X113: =I113-R113 -> 0 | Z113: . | AA113: H79200.10120004
A114: KWM | B114: 10130001 | D114: H79200 | E114: H79108 | F114: LLH-HK LEVI | G114: LLH | H114: BPLV | I114: 0 | J114: 0 | K114: 0 | L114: 5201.61 | M114: =K114/J114 -> #DIV/0! | N114: =K114/I114 -> #DIV/0! | O114: =K114/L114 -> 0 | P114: =I114-K114 -> 0 | R114: 0 | S114: 0 | T114: 5201.61 | U114: =S114/R114 -> #DIV/0! | V114: =S114/I114 -> #DIV/0! | W114: =S114/T114 -> 0 | X114: =I114-R114 -> 0 | Z114: . | AA114: H79200.10130001
A115: KWM | B115: 10120001 | D115: H79200 | E115: H79199 | F115: LLH | G115: LLH | H115: BSM | I115: 0 | J115: 0 | K115: =6624.03-12 -> 6612.03 | L115: 2264.02 | M115: =K115/J115 -> #DIV/0! | N115: =K115/I115 -> #DIV/0! | O115: =K115/L115 -> 2.9204822 | P115: =I115-K115 -> -6612.03 | R115: 0 | S115: 6624.03 | T115: 0 | U115: =S115/R115 -> #DIV/0! | V115: =S115/I115 -> #DIV/0! | W115: =S115/T115 -> #DIV/0! | X115: =I115-R115 -> 0 | Z115: . | AA115: H79200.10120001
A116: KWM | B116: 10120003 | D116: H79200 | E116: H79199 | F116: LLH | G116: LLH | H116: BKA | I116: 0 | J116: 0 | K116: 3059.75 | L116: 30383.08 | M116: =K116/J116 -> #DIV/0! | N116: =K116/I116 -> #DIV/0! | O116: =K116/L116 -> 0.10070572 | P116: =I116-K116 -> -3059.75 | R116: 0 | S116: 653.7 | T116: 29237.31 | U116: =S116/R116 -> #DIV/0! | V116: =S116/I116 -> #DIV/0! | W116: =S116/T116 -> 0.022358418 | X116: =I116-R116 -> 0 | Z116: . | AA116: H79200.10120003
A117: KWM | B117: 10120004 | D117: H79200 | E117: H79199 | F117: LLH | G117: LLH | H117: UPF | J117: 0 | K117: 0 | L117: 181268 | M117: =K117/J117 -> #DIV/0! | N117: =K117/I117 -> #DIV/0! | O117: =K117/L117 -> 0 | P117: =I117-K117 -> 0
A118: KWM | B118: 10200001 | D118: H79200 | E118: H79199 | F118: LLH | G118: LLH | H118: PL | I118: 0 | J118: 0 | K118: 80 | L118: 54 | M118: =K118/J118 -> #DIV/0! | N118: =K118/I118 -> #DIV/0! | O118: =K118/L118 -> 1.4814815 | P118: =I118-K118 -> -80 | R118: 0 | S118: 59 | T118: 0 | U118: =S118/R118 -> #DIV/0! | V118: =S118/I118 -> #DIV/0! | W118: =S118/T118 -> #DIV/0! | X118: =I118-R118 -> 0 | Z118: . | AA118: H79200.10200001
A119: KWM | B119: 10200002 | D119: H79200 | E119: H79199 | F119: LLH | G119: LLH | H119: KD | I119: 0 | J119: 0 | K119: 61.88 | L119: 145 | M119: =K119/J119 -> #DIV/0! | N119: =K119/I119 -> #DIV/0! | O119: =K119/L119 -> 0.42675862 | P119: =I119-K119 -> -61.88 | R119: 0 | S119: 4 | T119: 0 | U119: =S119/R119 -> #DIV/0! | V119: =S119/I119 -> #DIV/0! | W119: =S119/T119 -> #DIV/0! | X119: =I119-R119 -> 0 | Z119: . | AA119: H79200.10200002
A120: KWM | B120: 10200003 | D120: H79200 | E120: H79199 | F120: LLH | G120: LLH | H120: PP | I120: 0 | J120: 0 | K120: 28 | L120: 1 | M120: =K120/J120 -> #DIV/0! | N120: =K120/I120 -> #DIV/0! | O120: =K120/L120 -> 28 | P120: =I120-K120 -> -28 | R120: 0 | S120: 10 | T120: 1 | U120: =S120/R120 -> #DIV/0! | V120: =S120/I120 -> #DIV/0! | W120: =S120/T120 -> 10 | X120: =I120-R120 -> 0 | Z120: . | AA120: H79200.10200003
A121: KWM | B121: 10200004 | D121: H79200 | E121: H79199 | F121: LLH | G121: LLH | H121: PR | J121: 0 | K121: 0 | L121: 0 | M121: =K121/J121 -> #DIV/0! | N121: =K121/I121 -> #DIV/0! | O121: =K121/L121 -> #DIV/0! | P121: =I121-K121 -> 0
...

Sheet B.MGRS
A1: Fund | B1: Funds Center | C1: Funds Center Description | D1: Commitment Item | E1: KOD CI | F1: Commitment Item Description | G1: PTJ | H1: BAJET 2026 | I1: BAJET 06-2026 | J1: SEBENAR 06-2026 | K1: AUDITED 06-2025 | L1: PRESTASI 06-2026 | M1: PRESTASI 2026 | N1: PRESTASI 26 vs 25 | O1: BAKI BAJET 2026 | Q1: BAJET 03-2026 | R1: SEBENAR 03-2026 | S1: AUDITED 03-2025 | T1: PRESTASI 03-2026 | U1: PRESTASI 2026 | V1: PRESTASI 26 vs 25 | W1: BAKI BAJET 2026
A2: KWM | B2: 10110001 | C2: PEJABAT KETUA EKSEKUTIF-PKE | D2: B11000 | E2: 1-EMO | F2: EMOLUMEN | G2: PKE | H2: 2295000 | I2: 700000 | J2: 672727.52 | K2: 869367.51 | L2: =J2/I2 -> 0.96103931 | M2: =J2/H2 -> 0.29312746 | N2: =J2/K2 -> 0.77381258 | O2: =H2-J2 -> 1622272.5 | Q2: 390000 | R2: 363674.67 | S2: 451719.1 | T2: =R2/Q2 -> 0.93249915 | U2: =R2/H2 -> 0.15846391 | V2: =R2/S2 -> 0.80509031 | W2: =H2-Q2 -> 1905000 | AB2: 10110001 | AC2: 2295000
A3: KWM | B3: 10110003 | C3: PEJABAT PENASIHAT UNDANG-UNDANG-PPUU | D3: B11000 | E3: 1-EMO | F3: EMOLUMEN | G3: PPUU | H3: 516000 | I3: 250000 | J3: 220201.69 | K3: 204052.44 | L3: =J3/I3 -> 0.88080676 | M3: =J3/H3 -> 0.42674746 | N3: =J3/K3 -> 1.0791426 | O3: =H3-J3 -> 295798.31 | Q3: 129000 | R3: 109601.16 | S3: 104148.67 | T3: =R3/Q3 -> 0.8496214 | U3: =R3/H3 -> 0.21240535 | V3: =R3/S3 -> 1.0523529 | W3: =H3-Q3 -> 387000 | AB3: 10110003 | AC3: 516000
A4: KWM | B4: 10110004 | C4: AUDIT & RISIKO-BAR | D4: B11000 | E4: 1-EMO | F4: EMOLUMEN | G4: BAR | H4: 532500 | I4: 200000 | J4: 196618.52 | K4: 239096.96 | L4: =J4/I4 -> 0.9830926 | M4: =J4/H4 -> 0.36923666 | N4: =J4/K4 -> 0.82233802 | O4: =H4-J4 -> 335881.48 | Q4: 120000 | R4: 97077.14 | S4: 122973.48 | T4: =R4/Q4 -> 0.80897617 | U4: =R4/H4 -> 0.18230449 | V4: =R4/S4 -> 0.78941525 | W4: =H4-Q4 -> 412500 | AB4: 10110004 | AC4: 532500
A5: KWM | B5: 10120001 | C5: SUMBER MANUSIA-BSM | D5: B11000 | E5: 1-EMO | F5: EMOLUMEN | G5: BSM | H5: 4380000 | I5: 1200000 | J5: 1101007.4 | K5: 63432.01 | L5: =J5/I5 -> 0.91750613 | M5: =J5/H5 -> 0.25137154 | N5: =J5/K5 -> 17.357283 | O5: =H5-J5 -> 3278992.6 | Q5: =473000+27700 -> 500700 | R5: 472220.38 | S5: 12190.04 | T5: =R5/Q5 -> 0.94312039 | U5: =R5/H5 -> 0.10781287 | V5: =R5/S5 -> 38.738214 | W5: =H5-Q5 -> 3879300 | AB5: 10120001 | AC5: 4380000
A6: KWM | B6: 10120002 | C6: TEKNOLOGI MAKLUMAT-BTM | D6: B11000 | E6: 1-EMO | F6: EMOLUMEN | G6: BTM | H6: 1669000 | I6: 800000 | J6: 757609.51 | K6: 687068.07 | L6: =J6/I6 -> 0.94701189 | M6: =J6/H6 -> 0.4539302 | N6: =J6/K6 -> 1.1026702 | O6: =H6-J6 -> 911390.49 | Q6: 417200 | R6: 374251.06 | S6: 347860.17 | T6: =R6/Q6 -> 0.89705431 | U6: =R6/H6 -> 0.2242367 | V6: =R6/S6 -> 1.0758664 | W6: =H6-Q6 -> 1251800 | AB6: 10120002 | AC6: 1669000
A7: KWM | B7: 10120003 | C7: KEWANGAN & AKAUN-BKA | D7: B11000 | E7: 1-EMO | F7: EMOLUMEN | G7: BKA | H7: 916000 | I7: 400000 | J7: 391715.48 | K7: 377576.54 | L7: =J7/I7 -> 0.9792887 | M7: =J7/H7 -> 0.42763699 | N7: =J7/K7 -> 1.0374466 | O7: =H7-J7 -> 524284.52 | Q7: 229000 | R7: 195188.86 | S7: 200571.14 | T7: =R7/Q7 -> 0.8523531 | U7: =R7/H7 -> 0.21308828 | V7: =R7/S7 -> 0.97316523 | W7: =H7-Q7 -> 687000 | AB7: 10120003 | AC7: 916000
A8: KWM | B8: 10120004 | C8: UNIT PENGURUSAN FASILITI-UPF | D8: B11000 | E8: 1-EMO | F8: EMOLUMEN | G8: UPF | H8: 568000 | I8: 300000 | J8: 255507.78 | K8: 239126.52 | L8: =J8/I8 -> 0.8516926 | M8: =J8/H8 -> 0.44983764 | N8: =J8/K8 -> 1.0685046 | O8: =H8-J8 -> 312492.22 | Q8: 142000 | R8: 127623.57 | S8: 121364.95 | T8: =R8/Q8 -> 0.89875754 | U8: =R8/H8 -> 0.22468938 | V8: =R8/S8 -> 1.0515686 | W8: =H8-Q8 -> 426000 | AB8: 10120004 | AC8: 568000
A9: KWM | B9: 10130001 | C9: PENGURUSAN LEVI-BPLV | D9: B11000 | E9: 1-EMO | F9: EMOLUMEN | G9: BPLV | H9: 1083000 | I9: 500000 | J9: 444028.29 | K9: 472348.69 | L9: =J9/I9 -> 0.88805658 | M9: =J9/H9 -> 0.40999842 | N9: =J9/K9 -> 0.94004345 | O9: =H9-J9 -> 638971.71 | Q9: 270700 | R9: 219896.8 | S9: 242310.37 | T9: =R9/Q9 -> 0.81232656 | U9: =R9/H9 -> 0.20304414 | V9: =R9/S9 -> 0.90750057 | W9: =H9-Q9 -> 812300 | AB9: 10130001 | AC9: 1083000
A10: KWM | B10: 10130003 | C10: PENGUATKUASAAN-BPGK | D10: B11000 | E10: 1-EMO | F10: EMOLUMEN | G10: BPGK | H10: 990000 | I10: 500000 | J10: 414247.23 | K10: 451456.83 | L10: =J10/I10 -> 0.82849446 | M10: =J10/H10 -> 0.41843155 | N10: =J10/K10 -> 0.91757883 | O10: =H10-J10 -> 575752.77 | Q10: 247500 | R10: 206279.54 | S10: 247845.19 | T10: =R10/Q10 -> 0.83345269 | U10: =R10/H10 -> 0.20836317 | V10: =R10/S10 -> 0.83229188 | W10: =H10-Q10 -> 742500 | AB10: 10130003 | AC10: 990000
A11: KWM | B11: 10130007 | C11: PEMATUHAN KUALITI BAHAN (BPKB) | D11: B11000 | E11: 1-EMO | F11: EMOLUMEN | G11: BPKB | H11: 713000 | I11: 350000 | J11: 315706.99 | K11: 304729.18 | L11: =J11/I11 -> 0.90201997 | M11: =J11/H11 -> 0.4427868 | N11: =J11/K11 -> 1.0360248 | O11: =H11-J11 -> 397293.01 | Q11: 178200 | R11: 158370.58 | S11: 161035.04 | T11: =R11/Q11 -> 0.88872379 | U11: =R11/H11 -> 0.22211863 | V11: =R11/S11 -> 0.98345416 | W11: =H11-Q11 -> 534800 | AB11: 10130007 | AC11: 713000
A12: KWM | B12: 10140007 | C12: PEMBANGUNAN TEKNOLOGI (BPT) | D12: B11000 | E12: 1-EMO | F12: EMOLUMEN | G12: BPT | H12: 609000 | I12: 300000 | J12: 272865.7 | K12: 239307.72 | L12: =J12/I12 -> 0.90955233 | M12: =J12/H12 -> 0.44805534 | N12: =J12/K12 -> 1.1402294 | O12: =H12-J12 -> 336134.3 | Q12: 152200 | R12: 137174.97 | S12: 130784.48 | T12: =R12/Q12 -> 0.90128101 | U12: =R12/H12 -> 0.22524626 | V12: =R12/S12 -> 1.0488628 | W12: =H12-Q12 -> 456800 | AB12: 10140007 | AC12: 609000
A13: KWM | B13: 10140008 | C13: PERSEKITARAN BISNES (BPS) | D13: B11000 | E13: 1-EMO | F13: EMOLUMEN | G13: BPS | H13: 337000 | I13: 170000 | J13: 151217.14 | K13: 138703.27 | L13: =J13/I13 -> 0.88951259 | M13: =J13/H13 -> 0.44871555 | N13: =J13/K13 -> 1.0902204 | O13: =H13-J13 -> 185782.86 | Q13: 84200 | R13: 75156.82 | S13: 70534.89 | T13: =R13/Q13 -> 0.89259881 | U13: =R13/H13 -> 0.22301727 | V13: =R13/S13 -> 1.0655269 | W13: =H13-Q13 -> 252800 | AB13: 10140008 | AC13: 337000
A14: KWM | B14: 10150008 | C14: PDFTRN KONTRAKTOR&PERSONEL BINAAN-BPKPB | D14: B11000 | E14: 1-EMO | F14: EMOLUMEN | G14: BPKPB | H14: 2070000 | I14: 1000000 | J14: 885325.22 | K14: 821492.47 | L14: =J14/I14 -> 0.88532522 | M14: =J14/H14 -> 0.42769334 | N14: =J14/K14 -> 1.0777034 | O14: =H14-J14 -> 1184674.8 | Q14: 517500 | R14: 450320.08 | S14: 404030.2 | T14: =R14/Q14 -> 0.87018373 | U14: =R14/H14 -> 0.21754593 | V14: =R14/S14 -> 1.1145703 | W14: =H14-Q14 -> 1552500 | AB14: 10150008 | AC14: 2070000
A15: KWM | B15: 10150009 | C15: LATIHAN & AKREDITASI (BLA) | D15: B11000 | E15: 1-EMO | F15: EMOLUMEN | G15: BLA | H15: =1352000+82000 -> 1434000 | I15: 700000 | J15: 654771.61 | K15: 512678.29 | L15: =J15/I15 -> 0.93538801 | M15: =J15/H15 -> 0.45660503 | N15: =J15/K15 -> 1.2771588 | O15: =H15-J15 -> 779228.39 | Q15: 358500 | R15: 326858.84 | S15: =243595.39+9832.45 -> 253427.84 | T15: =R15/Q15 -> 0.91174014 | U15: =R15/H15 -> 0.22793503 | V15: =R15/S15 -> 1.2897511 | W15: =H15-Q15 -> 1075500 | AB15: 10150009 | AC15: 1352000
A16: KWM | B16: 10150010 | C16: NA-PGRSNAKREDI(BPAK) | D16: B11000 | E16: 1-EMO | F16: EMOLUMEN | G16: BPAK | H16: 0 | I16: 0 | J16: 0 | K16: 9832.45 | L16: =J16/I16 -> #DIV/0! | M16: =J16/H16 -> #DIV/0! | N16: =J16/K16 -> 0 | O16: =H16-J16 -> 0 | AB16: 10150010 | AC16: 82000
A17: KWM | B17: 10160001 | C17: DASAR STRATEGI & TADBIR URUS-BSTU | D17: B11000 | E17: 1-EMO | F17: EMOLUMEN | G17: BSTU | H17: 2199000 | I17: 650000 | J17: 591531.86 | K17: 528545.94 | L17: =J17/I17 -> 0.91004902 | M17: =J17/H17 -> 0.26900039 | N17: =J17/K17 -> 1.1191683 | O17: =H17-J17 -> 1607468.1 | Q17: 320000 | R17: 299987.5 | S17: 254840.78 | T17: =R17/Q17 -> 0.93746094 | U17: =R17/H17 -> 0.13641996 | V17: =R17/S17 -> 1.1771566 | W17: =H17-Q17 -> 1879000 | AB17: 10160001 | AC17: 2199000
A18: KWM | B18: 10160003 | C18: KOMUNIKASI KORPORAT-BKK | D18: B11000 | E18: 1-EMO | F18: EMOLUMEN | G18: BKK | H18: 86000 | I18: 40000 | J18: 36918.61 | K18: 33391.42 | L18: =J18/I18 -> 0.92296525 | M18: =J18/H18 -> 0.42928616 | N18: =J18/K18 -> 1.1056316 | O18: =H18-J18 -> 49081.39 | Q18: 21500 | R18: 20385.68 | S18: 16822.82 | T18: =R18/Q18 -> 0.94817116 | U18: =R18/H18 -> 0.23704279 | V18: =R18/S18 -> 1.2117873 | W18: =H18-Q18 -> 64500 | AB18: 10160003 | AC18: 86000
A19: KWM | B19: 10170003 | C19: PEMBANGUNAN PERSONEL BINAAN (BPB) | D19: B11000 | E19: 1-EMO | F19: EMOLUMEN | G19: BPB | H19: 1237000 | I19: 550000 | J19: 497568.65 | K19: 493930.63 | L19: =J19/I19 -> 0.90467027 | M19: =J19/H19 -> 0.4022382 | N19: =J19/K19 -> 1.0073654 | O19: =H19-J19 -> 739431.35 | Q19: 309200 | R19: 249855.56 | S19: 233878.81 | T19: =R19/Q19 -> 0.80807102 | U19: =R19/H19 -> 0.20198509 | V19: =R19/S19 -> 1.0683121 | W19: =H19-Q19 -> 927800 | AB19: 10170003 | AC19: 1237000
A20: KWM | B20: 10170004 | C20: PEMBANGUNAN KONTRAKTOR (BPK) | D20: B11000 | E20: 1-EMO | F20: EMOLUMEN | G20: BPK | H20: 711000 | I20: 450000 | J20: 386757.83 | K20: 290396.79 | L20: =J20/I20 -> 0.85946184 | M20: =J20/H20 -> 0.54396319 | N20: =J20/K20 -> 1.3318254 | O20: =H20-J20 -> 324242.17 | Q20: 195000 | R20: 194240.32 | S20: 148339.02 | T20: =R20/Q20 -> 0.99610421 | U20: =R20/H20 -> 0.27319314 | V20: =R20/S20 -> 1.3094351 | W20: =H20-Q20 -> 516000 | AB20: 10170004 | AC20: 711000
A21: KWM | B21: 10200001 | C21: PL-PERLIS | D21: B11000 | E21: 1-EMO | F21: EMOLUMEN | G21: PL | H21: 357700 | I21: 200000 | J21: 174973.57 | K21: 168688.14 | L21: =J21/I21 -> 0.87486785 | M21: =J21/H21 -> 0.4891629 | N21: =J21/K21 -> 1.0372607 | O21: =H21-J21 -> 182726.43 | Q21: 89400 | R21: 86460.26 | S21: 83328.4 | T21: =R21/Q21 -> 0.967117 | U21: =R21/H21 -> 0.24171166 | V21: =R21/S21 -> 1.0375845 | W21: =H21-Q21 -> 268300 | AB21: 10200001 | AC21: 357700
A22: KWM | B22: 10200002 | C22: KD-KEDAH | D22: B11000 | E22: 1-EMO | F22: EMOLUMEN | G22: KD | H22: 910200 | I22: 500000 | J22: 438248.51 | K22: 417596.16 | L22: =J22/I22 -> 0.87649702 | M22: =J22/H22 -> 0.48148595 | N22: =J22/K22 -> 1.0494553 | O22: =H22-J22 -> 471951.49 | Q22: 227500 | R22: 223711.53 | S22: 214128.94 | T22: =R22/Q22 -> 0.98334738 | U22: =R22/H22 -> 0.24578283 | V22: =R22/S22 -> 1.0447515 | W22: =H22-Q22 -> 682700 | AB22: 10200002 | AC22: 910200
A23: KWM | B23: 10200003 | C23: PP-PULAU PINANG | D23: B11000 | E23: 1-EMO | F23: EMOLUMEN | G23: PP | H23: 1256000 | I23: 650000 | J23: 608741.6 | K23: 565723.08 | L23: =J23/I23 -> 0.93652554 | M23: =J23/H23 -> 0.48466688 | N23: =J23/K23 -> 1.0760417 | O23: =H23-J23 -> 647258.4 | Q23: 314000 | R23: 300471.72 | S23: 290381 | T23: =R23/Q23 -> 0.95691631 | U23: =R23/H23 -> 0.23922908 | V23: =R23/S23 -> 1.0347499 | W23: =H23-Q23 -> 942000 | AB23: 10200003 | AC23: 1256000
A24: KWM | B24: 10200004 | C24: PR-PERAK | D24: B11000 | E24: 1-EMO | F24: EMOLUMEN | G24: PR | H24: 998500 | I24: 590000 | J24: 499894.35 | K24: 402712.22 | L24: =J24/I24 -> 0.84727856 | M24: =J24/H24 -> 0.50064532 | N24: =J24/K24 -> 1.241319 | O24: =H24-J24 -> 498605.65 | Q24: 249600 | R24: 247130.64 | S24: 200764.95 | T24: =R24/Q24 -> 0.99010673 | U24: =R24/H24 -> 0.24750189 | V24: =R24/S24 -> 1.2309451 | W24: =H24-Q24 -> 748900 | AB24: 10200004 | AC24: 998500
A25: KWM | B25: 10200005 | C25: SL-SELANGOR | D25: B11000 | E25: 1-EMO | F25: EMOLUMEN | G25: SL | H25: 1313600 | I25: 700000 | J25: 603468.44 | K25: 575146.74 | L25: =J25/I25 -> 0.86209777 | M25: =J25/H25 -> 0.45940046 | N25: =J25/K25 -> 1.0492426 | O25: =H25-J25 -> 710131.56 | Q25: 328400 | R25: 298923.45 | S25: 290599.97 | T25: =R25/Q25 -> 0.91024193 | U25: =R25/H25 -> 0.22756048 | V25: =R25/S25 -> 1.0286424 | W25: =H25-Q25 -> 985200 | AB25: 10200005 | AC25: 1313600
A26: KWM | B26: 10200006 | C26: WP-WILAYAH PERSEKUTUAN (KL) | D26: B11000 | E26: 1-EMO | F26: EMOLUMEN | G26: WP | H26: 1284800 | I26: 650000 | J26: 595496.2 | K26: 594054.67 | L26: =J26/I26 -> 0.916148 | M26: =J26/H26 -> 0.46349331 | N26: =J26/K26 -> 1.0024266 | O26: =H26-J26 -> 689303.8 | Q26: 321200 | R26: 293087.68 | S26: 300873.92 | T26: =R26/Q26 -> 0.91247721 | U26: =R26/H26 -> 0.2281193 | V26: =R26/S26 -> 0.97412125 | W26: =H26-Q26 -> 963600 | AB26: 10200006 | AC26: 1284800
A27: KWM | B27: 10200007 | C27: NS-NEGERI SEMBILAN | D27: B11000 | E27: 1-EMO | F27: EMOLUMEN | G27: NS | H27: 839700 | I27: 400000 | J27: 387754.76 | K27: 396532.11 | L27: =J27/I27 -> 0.9693869 | M27: =J27/H27 -> 0.46177773 | N27: =J27/K27 -> 0.97786472 | O27: =H27-J27 -> 451945.24 | Q27: 209900 | R27: 202930.47 | S27: 210133.21 | T27: =R27/Q27 -> 0.96679595 | U27: =R27/H27 -> 0.2416702 | V27: =R27/S27 -> 0.96572298 | W27: =H27-Q27 -> 629800 | AB27: 10200007 | AC27: 839700
A28: KWM | B28: 10200008 | C28: ML-MELAKA | D28: B11000 | E28: 1-EMO | F28: EMOLUMEN | G28: ML | H28: 747100 | I28: 450000 | J28: 395188.45 | K28: 312279.4 | L28: =J28/I28 -> 0.87819656 | M28: =J28/H28 -> 0.52896326 | N28: =J28/K28 -> 1.2654964 | O28: =H28-J28 -> 351911.55 | Q28: 200000 | R28: 197760.21 | S28: 153754.67 | T28: =R28/Q28 -> 0.98880105 | U28: =R28/H28 -> 0.2647038 | V28: =R28/S28 -> 1.2862062 | W28: =H28-Q28 -> 547100 | AB28: 10200008 | AC28: 747100
... A52: KWM | B52: 10150008 | C52: PDFTRN KONTRAKTOR&PERSONEL BINAAN-BPKPB | D52: B21000 | E52: 2-EP | F52: PERBELANJAAN PERJALANAN DAN SARA HIDUP | G52: BPKPB | H52: 177000 | I52: 75000 | J52: 67716 | K52: 59470.72 | L52: =J52/I52 -> 0.90288 | M52: =J52/H52 -> 0.38257627 | N52: =J52/K52 -> 1.1386444 | O52: =H52-J52 -> 109284 | Q52: 29000 | R52: 25301.85 | S52: 21046.1 | T52: =R52/Q52 -> 0.87247759 | U52: =R52/H52 -> 0.14294831 | V52: =R52/S52 -> 1.2022109 | W52: =H52-Q52 -> 148000 | AB52: 10150008 | AC52: 177000
A53: KWM | B53: 10150009 | C53: LATIHAN & AKREDITASI (BLA) | D53: B21000 | E53: 2-EP | F53: PERBELANJAAN PERJALANAN DAN SARA HIDUP | G53: BLA | H53: 465000 | I53: 190000 | J53: 187026.76 | K53: 164772.97 | L53: =J53/I53 -> 0.98435137 | M53: =J53/H53 -> 0.40220809 | N53: =J53/K53 -> 1.1350573 | O53: =H53-J53 -> 277973.24 | Q53: 53000 | R53: 42899.81 | S53: =34704.2+1139.36 -> 35843.56 | T53: =R53/Q53 -> 0.80943038 | U53: =R53/H53 -> 0.092257656 | V53: =R53/S53 -> 1.1968624 | W53: =H53-Q53 -> 412000 | AB53: 10150009 | AC53: 465000
A54: KWM | B54: 10150010 | C54: NA-PGRSNAKREDI(BPAK) | D54: B21000 | E54: 2-EP | F54: PERBELANJAAN PERJALANAN DAN SARA HIDUP | G54: BPAK | H54: 0 | I54: 0 | J54: 0 | K54: 1139.36 | L54: =J54/I54 -> #DIV/0! | M54: =J54/H54 -> #DIV/0! | N54: =J54/K54 -> 0 | O54: =H54-J54 -> 0 | AB54: 10160001 | AC54: 60000
A55: KWM | B55: 10160001 | C55: DASAR STRATEGI & TADBIR URUS-BSTU | D55: B21000 | E55: 2-EP | F55: PERBELANJAAN PERJALANAN DAN SARA HIDUP | G55: BSTU | H55: 60000 | I55: 9400 | J55: 8715.94 | K55: 7819.06 | L55: =J55/I55 -> 0.92722766 | M55: =J55/H55 -> 0.14526567 | N55: =J55/K55 -> 1.1147043 | O55: =H55-J55 -> 51284.06 | Q55: 100 | R55: 55.8 | S55: 337.7 | T55: =R55/Q55 -> 0.558 | U55: =R55/H55 -> 0.00093 | V55: =R55/S55 -> 0.16523542 | W55: =H55-Q55 -> 59900 | AB55: 10160003 | AC55: 205000
A56: KWM | B56: 10160003 | C56: KOMUNIKASI KORPORAT-BKK | D56: B21000 | E56: 2-EP | F56: PERBELANJAAN PERJALANAN DAN SARA HIDUP | G56: BKK | H56: 205000 | I56: 72000 | J56: 70759 | K56: 48301.62 | L56: =J56/I56 -> 0.98276389 | M56: =J56/H56 -> 0.34516585 | N56: =J56/K56 -> 1.4649405 | O56: =H56-J56 -> 134241 | Q56: 21500 | R56: 17263.33 | S56: 7899.84 | T56: =R56/Q56 -> 0.80294558 | U56: =R56/H56 -> 0.084211366 | V56: =R56/S56 -> 2.1852759 | W56: =H56-Q56 -> 183500 | AB56: 10170003 | AC56: 233000
A57: KWM | B57: 10170003 | C57: PEMBANGUNAN PERSONEL BINAAN (BPB) | D57: B21000 | E57: 2-EP | F57: PERBELANJAAN PERJALANAN DAN SARA HIDUP | G57: BPB | H57: 233000 | I57: 46000 | J57: 45541.55 | K57: 126030.77 | L57: =J57/I57 -> 0.9900337 | M57: =J57/H57 -> 0.1954573 | N57: =J57/K57 -> 0.36135263 | O57: =H57-J57 -> 187458.45 | Q57: 25000 | R57: 20437.58 | S57: 3002.4 | T57: =R57/Q57 -> 0.8175032 | U57: =R57/H57 -> 0.087714936 | V57: =R57/S57 -> 6.807081 | W57: =H57-Q57 -> 208000 | AB57: 10170004 | AC57: 186000
A58: KWM | B58: 10170004 | C58: PEMBANGUNAN KONTRAKTOR (BPK) | D58: B21000 | E58: 2-EP | F58: PERBELANJAAN PERJALANAN DAN SARA HIDUP | G58: BPK | H58: 186000 | I58: 40000 | J58: 39688.22 | K58: 44256.24 | L58: =J58/I58 -> 0.9922055 | M58: =J58/H58 -> 0.21337753 | N58: =J58/K58 -> 0.89678247 | O58: =H58-J58 -> 146311.78 | Q58: 22000 | R58: 18387.39 | S58: 14988.95 | T58: =R58/Q58 -> 0.83579045 | U58: =R58/H58 -> 0.098856935 | V58: =R58/S58 -> 1.2267297 | W58: =H58-Q58 -> 164000 | AB58: 10200001 | AC58: 74500
A59: KWM | B59: 10200001 | C59: PL-PERLIS | D59: B21000 | E59: 2-EP | F59: PERBELANJAAN PERJALANAN DAN SARA HIDUP | G59: PL | H59: 74500 | I59: 15000 | J59: 14738.53 | K59: 26040.1 | L59: =J59/I59 -> 0.98256867 | M59: =J59/H59 -> 0.19783262 | N59: =J59/K59 -> 0.5659936 | O59: =H59-J59 -> 59761.47 | Q59: 5800 | R59: 4744.9 | S59: 9426.07 | T59: =R59/Q59 -> 0.81808621 | U59: =R59/H59 -> 0.063689933 | V59: =R59/S59 -> 0.50338052 | W59: =H59-Q59 -> 68700 | AB59: 10200002 | AC59: 112000
A60: KWM | B60: 10200002 | C60: KD-KEDAH | D60: B21000 | E60: 2-EP | F60: PERBELANJAAN PERJALANAN DAN SARA HIDUP | G60: KD | H60: 112000 | I60: 20000 | J60: 18934.17 | K60: 42260.24 | L60: =J60/I60 -> 0.9467085 | M60: =J60/H60 -> 0.16905509 | N60: =J60/K60 -> 0.44803745 | O60: =H60-J60 -> 93065.83 | Q60: 11000 | R60: 8944.79 | S60: 17168.02 | T60: =R60/Q60 -> 0.81316273 | U60: =R60/H60 -> 0.079864196 | V60: =R60/S60 -> 0.52101465 | W60: =H60-Q60 -> 101000 | AB60: 10200003 | AC60: 103000
A61: KWM | B61: 10200003 | C61: PP-PULAU PINANG | D61: B21000 | E61: 2-EP | F61: PERBELANJAAN PERJALANAN DAN SARA HIDUP | G61: PP | H61: 103000 | I61: 36000 | J61: 35236.59 | K61: 40168.29 | L61: =J61/I61 -> 0.97879417 | M61: =J61/H61 -> 0.34210282 | N61: =J61/K61 -> 0.87722405 | O61: =H61-J61 -> 67763.41 | Q61: =17600+400+1000 -> 19000 | R61: 16543.06 | S61: 15212.98 | T61: =R61/Q61 -> 0.87068737 | U61: =R61/H61 -> 0.16061223 | V61: =R61/S61 -> 1.0874306 | W61: =H61-Q61 -> 84000 | AB61: 10200004 | AC61: 93000
A62: KWM | B62: 10200004 | C62: PR-PERAK | D62: B21000 | E62: 2-EP | F62: PERBELANJAAN PERJALANAN DAN SARA HIDUP | G62: PR | H62: 93000 | I62: 20000 | J62: 18690.27 | K62: 38391.78 | L62: =J62/I62 -> 0.9345135 | M62: =J62/H62 -> 0.20097065 | N62: =J62/K62 -> 0.48682999 | O62: =H62-J62 -> 74309.73 | Q62: 3400 | R62: 2750.55 | S62: 13753.36 | T62: =R62/Q62 -> 0.80898529 | U62: =R62/H62 -> 0.029575806 | V62: =R62/S62 -> 0.19999113 | W62: =H62-Q62 -> 89600 | AB62: 10200005 | AC62: 130000
A63: KWM | B63: 10200005 | C63: SL-SELANGOR | D63: B21000 | E63: 2-EP | F63: PERBELANJAAN PERJALANAN DAN SARA HIDUP | G63: SL | H63: 130000 | I63: 54000 | J63: 53032.3 | K63: 51400.59 | L63: =J63/I63 -> 0.98207963 | M63: =J63/H63 -> 0.40794077 | N63: =J63/K63 -> 1.031745 | O63: =H63-J63 -> 76967.7 | Q63: 18500 | R63: 16294.99 | S63: 16827.47 | T63: =R63/Q63 -> 0.88081027 | U63: =R63/H63 -> 0.12534608 | V63: =R63/S63 -> 0.9683565 | W63: =H63-Q63 -> 111500 | AB63: 10200006 | AC63: 88000
A64: KWM | B64: 10200006 | C64: WP-WILAYAH PERSEKUTUAN (KL) | D64: B21000 | E64: 2-EP | F64: PERBELANJAAN PERJALANAN DAN SARA HIDUP | G64: WP | H64: 88000 | I64: 26000 | J64: 24461.07 | K64: 24464.55 | L64: =J64/I64 -> 0.94081038 | M64: =J64/H64 -> 0.2779667 | N64: =J64/K64 -> 0.99985775 | O64: =H64-J64 -> 63538.93 | Q64: 13500 | R64: 11751.85 | S64: 7245.57 | T64: =R64/Q64 -> 0.87050741 | U64: =R64/H64 -> 0.13354375 | V64: =R64/S64 -> 1.6219359 | W64: =H64-Q64 -> 74500 | AB64: 10200007 | AC64: 65000
A65: KWM | B65: 10200007 | C65: NS-NEGERI SEMBILAN | D65: B21000 | E65: 2-EP | F65: PERBELANJAAN PERJALANAN DAN SARA HIDUP | G65: NS | H65: 65000 | I65: 22000 | J65: 21488.93 | K65: 31882.46 | L65: =J65/I65 -> 0.97676955 | M65: =J65/H65 -> 0.33059892 | N65: =J65/K65 -> 0.67400477 | O65: =H65-J65 -> 43511.07 | Q65: 7500 | R65: 6116.66 | S65: 12475.22 | T65: =R65/Q65 -> 0.81555467 | U65: =R65/H65 -> 0.094102462 | V65: =R65/S65 -> 0.49030478 | W65: =H65-Q65 -> 57500 | AB65: 10200008 | AC65: 70000
A66: KWM | B66: 10200008 | C66: ML-MELAKA | D66: B21000 | E66: 2-EP | F66: PERBELANJAAN PERJALANAN DAN SARA HIDUP | G66: ML | H66: 70000 | I66: 22000 | J66: 21961.4 | K66: 15638.78 | L66: =J66/I66 -> 0.99824545 | M66: =J66/H66 -> 0.31373429 | N66: =J66/K66 -> 1.4042911 | O66: =H66-J66 -> 48038.6 | Q66: 8200 | R66: 7121.17 | S66: 3619.26 | T66: =R66/Q66 -> 0.86843537 | U66: =R66/H66 -> 0.101731 | V66: =R66/S66 -> 1.9675762 | W66: =H66-Q66 -> 61800 | AB66: 10200009 | AC66: 139500
A67: KWM | B67: 10200009 | C67: JH-JOHOR | D67: B21000 | E67: 2-EP | F67: PERBELANJAAN PERJALANAN DAN SARA HIDUP | G67: JH | H67: 139500 | I67: 34000 | J67: 33696.13 | K67: 71484.1 | L67: =J67/I67 -> 0.99106265 | M67: =J67/H67 -> 0.24154932 | N67: =J67/K67 -> 0.47137937 | O67: =H67-J67 -> 105803.87 | Q67: 18500 | R67: 16114.7 | S67: 35864.2 | T67: =R67/Q67 -> 0.87106486 | U67: =R67/H67 -> 0.11551756 | V67: =R67/S67 -> 0.44932551 | W67: =H67-Q67 -> 121000 | AB67: 10200010 | AC67: 84000
A68: KWM | B68: 10200010 | C68: PH-PAHANG | D68: B21000 | E68: 2-EP | F68: PERBELANJAAN PERJALANAN DAN SARA HIDUP | G68: PH | H68: 84000 | I68: 27000 | J68: 26133.61 | K68: 40809.52 | L68: =J68/I68 -> 0.96791148 | M68: =J68/H68 -> 0.3111144 | N68: =J68/K68 -> 0.64038023 | O68: =H68-J68 -> 57866.39 | Q68: 16000 | R68: 14230.91 | S68: 17108.29 | T68: =R68/Q68 -> 0.88943187 | U68: =R68/H68 -> 0.1694156 | V68: =R68/S68 -> 0.8318137 | W68: =H68-Q68 -> 68000 | AB68: 10200011 | AC68: 126000
A69: KWM | B69: 10200011 | C69: TR-TERENGGANU | D69: B21000 | E69: 2-EP | F69: PERBELANJAAN PERJALANAN DAN SARA HIDUP | G69: TR | H69: 126000 | I69: 47000 | J69: 46210.88 | K69: 49083.43 | L69: =J69/I69 -> 0.98321021 | M69: =J69/H69 -> 0.36675302 | N69: =J69/K69 -> 0.94147618 | O69: =H69-J69 -> 79789.12 | Q69: 23000 | R69: 20275.8 | S69: 14327.07 | T69: =R69/Q69 -> 0.88155652 | U69: =R69/H69 -> 0.16091905 | V69: =R69/S69 -> 1.4152091 | W69: =H69-Q69 -> 103000 | AB69: 10200012 | AC69: 74000
A70: KWM | B70: 10200012 | C70: KN-KELANTAN | D70: B21000 | E70: 2-EP | F70: PERBELANJAAN PERJALANAN DAN SARA HIDUP | G70: KN | H70: 74000 | I70: 25000 | J70: 24999.69 | K70: 17385.01 | L70: =J70/I70 -> 0.9999876 | M70: =J70/H70 -> 0.33783365 | N70: =J70/K70 -> 1.4380026 | O70: =H70-J70 -> 49000.31 | Q70: 9500 | R70: 8241.77 | S70: 6438.7 | T70: =R70/Q70 -> 0.86755474 | U70: =R70/H70 -> 0.11137527 | V70: =R70/S70 -> 1.2800363 | W70: =H70-Q70 -> 64500 | AB70: 10200020 | AC70: 135000
A71: KWM | B71: 10200020 | C71: SR-SARAWAK | D71: B21000 | E71: 2-EP | F71: PERBELANJAAN PERJALANAN DAN SARA HIDUP | G71: SR | H71: 135000 | I71: 70000 | J71: 69178.05 | K71: 53023.29 | L71: =J71/I71 -> 0.98825786 | M71: =J71/H71 -> 0.51243 | N71: =J71/K71 -> 1.3046729 | O71: =H71-J71 -> 65821.95 | Q71: 16000 | R71: 14201.11 | S71: 16994.33 | T71: =R71/Q71 -> 0.88756937 | U71: =R71/H71 -> 0.10519341 | V71: =R71/S71 -> 0.83563812 | W71: =H71-Q71 -> 119000 | AB71: 10200021 | AC71: 93000
A72: KWM | B72: 10200021 | C72: MR-MIRI | D72: B21000 | E72: 2-EP | F72: PERBELANJAAN PERJALANAN DAN SARA HIDUP | G72: MR | H72: 93000 | I72: 33000 | J72: 31961.72 | K72: 35490.01 | L72: =J72/I72 -> 0.96853697 | M72: =J72/H72 -> 0.34367441 | N72: =J72/K72 -> 0.90058357 | O72: =H72-J72 -> 61038.28 | Q72: 9000 | R72: 7836.22 | S72: 11325.42 | T72: =R72/Q72 -> 0.87069111 | U72: =R72/H72 -> 0.08426043 | V72: =R72/S72 -> 0.6919143 | W72: =H72-Q72 -> 84000 | AB72: 10200022 | AC72: 93000
A73: KWM | B73: 10200022 | C73: BT-BINTULU | D73: B21000 | E73: 2-EP | F73: PERBELANJAAN PERJALANAN DAN SARA HIDUP | G73: BT | H73: 93000 | I73: 45000 | J73: 44385.61 | K73: 53247.32 | L73: =J73/I73 -> 0.98634689 | M73: =J73/H73 -> 0.47726462 | N73: =J73/K73 -> 0.83357453 | O73: =H73-J73 -> 48614.39 | Q73: 15000 | R73: 12871.84 | S73: 14694.24 | T73: =R73/Q73 -> 0.85812267 | U73: =R73/H73 -> 0.13840688 | V73: =R73/S73 -> 0.87597861 | W73: =H73-Q73 -> 78000 | AB73: 10200023 | AC73: 93000
... A76: KWM | B76: 10200031 | C76: TW-TAWAU | D76: B21000 | E76: 2-EP | F76: PERBELANJAAN PERJALANAN DAN SARA HIDUP | G76: TW | H76: 75000 | I76: 38000 | J76: 34582.89 | K76: 17442.91 | L76: =J76/I76 -> 0.91007605 | M76: =J76/H76 -> 0.4611052 | N76: =J76/K76 -> 1.9826331 | O76: =H76-J76 -> 40417.11 | Q76: 5500 | R76: 4892.97 | S76: 5091.38 | T76: =R76/Q76 -> 0.88963091 | U76: =R76/H76 -> 0.0652396 | V76: =R76/S76 -> 0.96103021 | W76: =H76-Q76 -> 69500 | AB76: 10200032 | AC76: 75000
A77: KWM | B77: 10200032 | C77: SD-SANDAKAN | D77: B21000 | E77: 2-EP | F77: PERBELANJAAN PERJALANAN DAN SARA HIDUP | G77: SD | H77: 75000 | I77: 38000 | J77: 36583.51 | K77: 19814.79 | L77: =J77/I77 -> 0.96272395 | M77: =J77/H77 -> 0.48778013 | N77: =J77/K77 -> 1.8462729 | O77: =H77-J77 -> 38416.49 | Q77: 8800 | R77: 7203.44 | S77: 4594.4 | T77: =R77/Q77 -> 0.81857273 | U77: =R77/H77 -> 0.096045867 | V77: =R77/S77 -> 1.5678739 | W77: =H77-Q77 -> 66200
A78: KWM | B78: 10120001 | C78: SUMBER MANUSIA-BSM | D78: B23000 | E78: 3-UTILITI | F78: PERHUBUNGAN DAN UTILITI | G78: BSM | H78: 1550000 | I78: 585000 | J78: 555102.65 | K78: 569760.76 | L78: =J78/I78 -> 0.94889342 | M78: =J78/H78 -> 0.35813074 | N78: =J78/K78 -> 0.97427322 | O78: =H78-J78 -> 994897.35 | Q78: 266500 | R78: 218236.14 | S78: 216908.65 | T78: =R78/Q78 -> 0.81889734 | U78: =R78/H78 -> 0.14079751 | V78: =R78/S78 -> 1.00612 | W78: =H78-Q78 -> 1283500
A79: KWM | B79: 10120002 | C79: TEKNOLOGI MAKLUMAT-BTM | D79: B23000 | E79: 3-UTILITI | F79: PERHUBUNGAN DAN UTILITI | G79: BTM | H79: 100000 | I79: 17000 | J79: 14561.25 | K79: 28556.46 | L79: =J79/I79 -> 0.85654412 | M79: =J79/H79 -> 0.1456125 | N79: =J79/K79 -> 0.50991089 | O79: =H79-J79 -> 85438.75 | Q79: 9000 | R79: 7368.15 | S79: 21926.06 | T79: =R79/Q79 -> 0.81868333 | U79: =R79/H79 -> 0.0736815 | V79: =R79/S79 -> 0.33604533 | W79: =H79-Q79 -> 91000
A80: KWM | B80: 10200001 | C80: PL-PERLIS | D80: B23000 | E80: 3-UTILITI | F80: PERHUBUNGAN DAN UTILITI | G80: PL | H80: 40000 | I80: 20000 | J80: 17075.52 | K80: 12139.3 | L80: =J80/I80 -> 0.853776 | M80: =J80/H80 -> 0.426888 | N80: =J80/K80 -> 1.4066314 | O80: =H80-J80 -> 22924.48 | Q80: 5800 | R80: 5666.65 | S80: 6878.12 | T80: =R80/Q80 -> 0.97700862 | U80: =R80/H80 -> 0.14166625 | V80: =R80/S80 -> 0.82386611 | W80: =H80-Q80 -> 34200
A81: KWM | B81: 10200002 | C81: KD-KEDAH | D81: B23000 | E81: 3-UTILITI | F81: PERHUBUNGAN DAN UTILITI | G81: KD | H81: 70000 | I81: 26000 | J81: 24025.25 | K81: 26823.19 | L81: =J81/I81 -> 0.92404808 | M81: =J81/H81 -> 0.34321786 | N81: =J81/K81 -> 0.89568951 | O81: =H81-J81 -> 45974.75 | Q81: 9600 | R81: 9357.75 | S81: 10701.89 | T81: =R81/Q81 -> 0.97476562 | U81: =R81/H81 -> 0.13368214 | V81: =R81/S81 -> 0.87440162 | W81: =H81-Q81 -> 60400
A82: KWM | B82: 10200003 | C82: PP-PULAU PINANG | D82: B23000 | E82: 3-UTILITI | F82: PERHUBUNGAN DAN UTILITI | G82: PP | H82: 45000 | I82: 13000 | J82: 11351.15 | K82: 8613.6 | L82: =J82/I82 -> 0.87316538 | M82: =J82/H82 -> 0.25224778 | N82: =J82/K82 -> 1.3178172 | O82: =H82-J82 -> 33648.85 | Q82: 4800 | R82: 3940.4 | S82: 3767.3 | T82: =R82/Q82 -> 0.82091667 | U82: =R82/H82 -> 0.087564444 | V82: =R82/S82 -> 1.045948 | W82: =H82-Q82 -> 40200
A83: KWM | B83: 10200004 | C83: PR-PERAK | D83: B23000 | E83: 3-UTILITI | F83: PERHUBUNGAN DAN UTILITI | G83: PR | H83: 40000 | I83: 25000 | J83: 22275.44 | K83: 14793.35 | L83: =J83/I83 -> 0.8910176 | M83: =J83/H83 -> 0.556886 | N83: =J83/K83 -> 1.5057739 | O83: =H83-J83 -> 17724.56 | Q83: 11500 | R83: 11075.23 | S83: 6761.93 | T83: =R83/Q83 -> 0.96306348 | U83: =R83/H83 -> 0.27688075 | V83: =R83/S83 -> 1.63788 | W83: =H83-Q83 -> 28500
A84: KWM | B84: 10200005 | C84: SL-SELANGOR | D84: B23000 | E84: 3-UTILITI | F84: PERHUBUNGAN DAN UTILITI | G84: SL | H84: 70000 | I84: 29000 | J84: 24655.88 | K84: 25135.69 | L84: =J84/I84 -> 0.85020276 | M84: =J84/H84 -> 0.35222686 | N84: =J84/K84 -> 0.98091121 | O84: =H84-J84 -> 45344.12 | Q84: 11000 | R84: 10632.18 | S84: 10390.31 | T84: =R84/Q84 -> 0.96656182 | U84: =R84/H84 -> 0.15188829 | V84: =R84/S84 -> 1.0232784 | W84: =H84-Q84 -> 59000
A85: KWM | B85: 10200006 | C85: WP-WILAYAH PERSEKUTUAN (KL) | D85: B23000 | E85: 3-UTILITI | F85: PERHUBUNGAN DAN UTILITI | G85: WP | H85: 72000 | I85: 25000 | J85: 20917.8 | K85: 20751.97 | L85: =J85/I85 -> 0.836712 | M85: =J85/H85 -> 0.290525 | N85: =J85/K85 -> 1.007991 | O85: =H85-J85 -> 51082.2 | Q85: =9300+700 -> 10000 | R85: 8609.6 | S85: 9617.47 | T85: =R85/Q85 -> 0.86096 | U85: =R85/H85 -> 0.11957778 | V85: =R85/S85 -> 0.89520425 | W85: =H85-Q85 -> 62000
A86: KWM | B86: 10200007 | C86: NS-NEGERI SEMBILAN | D86: B23000 | E86: 3-UTILITI | F86: PERHUBUNGAN DAN UTILITI | G86: NS | H86: 66000 | I86: 28000 | J86: 24002.33 | K86: 23071.25 | L86: =J86/I86 -> 0.85722607 | M86: =J86/H86 -> 0.36367167 | N86: =J86/K86 -> 1.0403567 | O86: =H86-J86 -> 41997.67 | Q86: 10100 | R86: 9742.8 | S86: 8762.15 | T86: =R86/Q86 -> 0.96463366 | U86: =R86/H86 -> 0.14761818 | V86: =R86/S86 -> 1.1119189 | W86: =H86-Q86 -> 55900
A87: KWM | B87: 10200008 | C87: ML-MELAKA | D87: B23000 | E87: 3-UTILITI | F87: PERHUBUNGAN DAN UTILITI | G87: ML | H87: 65000 | I87: 23000 | J87: 19778.05 | K87: 19147.1 | L87: =J87/I87 -> 0.85991522 | M87: =J87/H87 -> 0.30427769 | N87: =J87/K87 -> 1.0329528 | O87: =H87-J87 -> 45221.95 | Q87: 8400 | R87: 7264.95 | S87: 7245.4 | T87: =R87/Q87 -> 0.864875 | U87: =R87/H87 -> 0.11176846 | V87: =R87/S87 -> 1.0026983 | W87: =H87-Q87 -> 56600
A88: KWM | B88: 10200009 | C88: JH-JOHOR | D88: B23000 | E88: 3-UTILITI | F88: PERHUBUNGAN DAN UTILITI | G88: JH | H88: 155000 | I88: 53000 | J88: 52324.44 | K88: 56062.95 | L88: =J88/I88 -> 0.98725358 | M88: =J88/H88 -> 0.33757703 | N88: =J88/K88 -> 0.93331585 | O88: =H88-J88 -> 102675.56 | Q88: =20100+400 -> 20500 | R88: 17566.99 | S88: 24503.65 | T88: =R88/Q88 -> 0.85692634 | U88: =R88/H88 -> 0.11333542 | V88: =R88/S88 -> 0.71691319 | W88: =H88-Q88 -> 134500
A89: KWM | B89: 10200010 | C89: PH-PAHANG | D89: B23000 | E89: 3-UTILITI | F89: PERHUBUNGAN DAN UTILITI | G89: PH | H89: 68000 | I89: 28000 | J89: 26301.15 | K89: 28261.7 | L89: =J89/I89 -> 0.93932679 | M89: =J89/H89 -> 0.38678162 | N89: =J89/K89 -> 0.93062873 | O89: =H89-J89 -> 41698.85 | Q89: =8800+500 -> 9300 | R89: 8144.85 | S89: 12126.75 | T89: =R89/Q89 -> 0.87579032 | U89: =R89/H89 -> 0.11977721 | V89: =R89/S89 -> 0.67164327 | W89: =H89-Q89 -> 58700
A90: KWM | B90: 10200011 | C90: TR-TERENGGANU | D90: B23000 | E90: 3-UTILITI | F90: PERHUBUNGAN DAN UTILITI | G90: TR | H90: 65000 | I90: 20000 | J90: 16865.5 | K90: 13266.1 | L90: =J90/I90 -> 0.843275 | M90: =J90/H90 -> 0.25946923 | N90: =J90/K90 -> 1.2713231 | O90: =H90-J90 -> 48134.5 | Q90: 8400 | R90: 6722.35 | S90: 5214.8 | T90: =R90/Q90 -> 0.80027976 | U90: =R90/H90 -> 0.10342077 | V90: =R90/S90 -> 1.2890907 | W90: =H90-Q90 -> 56600
A91: KWM | B91: 10200012 | C91: KN-KELANTAN | D91: B23000 | E91: 3-UTILITI | F91: PERHUBUNGAN DAN UTILITI | G91: KN | H91: 66000 | I91: 25000 | J91: 23761.65 | K91: 22828.55 | L91: =J91/I91 -> 0.950466 | M91: =J91/H91 -> 0.360025 | N91: =J91/K91 -> 1.0408743 | O91: =H91-J91 -> 42238.35 | Q91: 7000 | R91: 5836.8 | S91: 8107.1 | T91: =R91/Q91 -> 0.83382857 | U91: =R91/H91 -> 0.088436364 | V91: =R91/S91 -> 0.71996152 | W91: =H91-Q91 -> 59000
A92: KWM | B92: 10200020 | C92: SR-SARAWAK | D92: B23000 | E92: 3-UTILITI | F92: PERHUBUNGAN DAN UTILITI | G92: SR | H92: 88000 | I92: 38000 | J92: 35975.85 | K92: 38748.13 | L92: =J92/I92 -> 0.94673289 | M92: =J92/H92 -> 0.40881648 | N92: =J92/K92 -> 0.92845384 | O92: =H92-J92 -> 52024.15 | Q92: 19300 | R92: 18597.5 | S92: 18954.63 | T92: =R92/Q92 -> 0.96360104 | U92: =R92/H92 -> 0.21133523 | V92: =R92/S92 -> 0.98115869 | W92: =H92-Q92 -> 68700
A93: KWM | B93: 10200021 | C93: MR-MIRI | D93: B23000 | E93: 3-UTILITI | F93: PERHUBUNGAN DAN UTILITI | G93: MR | H93: 37000 | I93: 12000 | J93: 10523.5 | K93: 10214.84 | L93: =J93/I93 -> 0.87695833 | M93: =J93/H93 -> 0.28441892 | N93: =J93/K93 -> 1.0302168 | O93: =H93-J93 -> 26476.5 | Q93: 3200 | R93: 2573.85 | S93: 4097.99 | T93: =R93/Q93 -> 0.80432812 | U93: =R93/H93 -> 0.069563514 | V93: =R93/S93 -> 0.6280762 | W93: =H93-Q93 -> 33800
A94: KWM | B94: 10200022 | C94: BT-BINTULU | D94: B23000 | E94: 3-UTILITI | F94: PERHUBUNGAN DAN UTILITI | G94: BT | H94: 42000 | I94: 14000 | J94: 12605.75 | K94: 13203.61 | L94: =J94/I94 -> 0.90041071 | M94: =J94/H94 -> 0.3001369 | N94: =J94/K94 -> 0.95471996 | O94: =H94-J94 -> 29394.25 | Q94: 5700 | R94: 5521.7 | S94: 5863.31 | T94: =R94/Q94 -> 0.9687193 | U94: =R94/H94 -> 0.13146905 | V94: =R94/S94 -> 0.94173769 | W94: =H94-Q94 -> 36300
A95: KWM | B95: 10200023 | C95: SI-SIBU | D95: B23000 | E95: 3-UTILITI | F95: PERHUBUNGAN DAN UTILITI | G95: SI | H95: 36000 | I95: 14000 | J95: 12579.1 | K95: 13499.92 | L95: =J95/I95 -> 0.89850714 | M95: =J95/H95 -> 0.34941944 | N95: =J95/K95 -> 0.93179071 | O95: =H95-J95 -> 23420.9 | Q95: 5200 | R95: 5053.65 | S95: 5937.12 | T95: =R95/Q95 -> 0.97185577 | U95: =R95/H95 -> 0.14037917 | V95: =R95/S95 -> 0.85119553 | W95: =H95-Q95 -> 30800
A96: KWM | B96: 10200030 | C96: SB-SABAH | D96: B23000 | E96: 3-UTILITI | F96: PERHUBUNGAN DAN UTILITI | G96: SB | H96: 53000 | I96: 26000 | J96: 24117.45 | K96: 21022.81 | L96: =J96/I96 -> 0.92759423 | M96: =J96/H96 -> 0.45504623 | N96: =J96/K96 -> 1.1472039 | O96: =H96-J96 -> 28882.55 | Q96: 7900 | R96: 7647.89 | S96: 6761.22 | T96: =R96/Q96 -> 0.96808734 | U96: =R96/H96 -> 0.14429981 | V96: =R96/S96 -> 1.1311405 | W96: =H96-Q96 -> 45100
A97: KWM | B97: 10200031 | C97: TW-TAWAU | D97: B23000 | E97: 3-UTILITI | F97: PERHUBUNGAN DAN UTILITI | G97: TW | H97: 36000 | I97: 11000 | J97: 9602.92 | K97: 13965.58 | L97: =J97/I97 -> 0.87299273 | M97: =J97/H97 -> 0.26674778 | N97: =J97/K97 -> 0.6876134 | O97: =H97-J97 -> 26397.08 | Q97: 4600 | R97: 4418.07 | S97: 2339.68 | T97: =R97/Q97 -> 0.96045 | U97: =R97/H97 -> 0.12272417 | V97: =R97/S97 -> 1.8883223 | W97: =H97-Q97 -> 31400
A98: KWM | B98: 10200032 | C98: SD-SANDAKAN | D98: B23000 | E98: 3-UTILITI | F98: PERHUBUNGAN DAN UTILITI | G98: SD | H98: 36000 | I98: 18000 | J98: 14763.35 | K98: 12409.9 | L98: =J98/I98 -> 0.82018611 | M98: =J98/H98 -> 0.41009306 | N98: =J98/K98 -> 1.1896429 | O98: =H98-J98 -> 21236.65 | Q98: 6500 | R98: 6324.05 | S98: 5789 | T98: =R98/Q98 -> 0.97293077 | U98: =R98/H98 -> 0.17566806 | V98: =R98/S98 -> 1.0924253 | W98: =H98-Q98 -> 29500
A99: KWM | B99: 10120001 | C99: SUMBER MANUSIA-BSM | D99: B24000 | E99: 4-SEWAAN | F99: SEWAAN | G99: BSM | H99: 547400 | I99: 320000 | J99: 312334.9 | K99: 196364.4 | L99: =J99/I99 -> 0.97604656 | M99: =J99/H99 -> 0.57057892 | N99: =J99/K99 -> 1.5905882 | O99: =H99-J99 -> 235065.1 | Q99: =142300+3000 -> 145300 | R99: 140667.85 | S99: 111800.2 | T99: =R99/Q99 -> 0.9681201 | U99: =R99/H99 -> 0.25697452 | V99: =R99/S99 -> 1.2582075 | W99: =H99-Q99 -> 402100
A100: KWM | B100: 10120002 | C100: TEKNOLOGI MAKLUMAT-BTM | D100: B24000 | E100: 4-SEWAAN | F100: SEWAAN | G100: BTM | H100: 4100000 | I100: 2487000 | J100: 2379516.1 | K100: 1228800.3 | L100: =J100/I100 -> 0.95678172 | M100: =J100/H100 -> 0.58036979 | N100: =J100/K100 -> 1.9364547 | O100: =H100-J100 -> 1720483.9 | Q100: 1650000 | R100: 1585654 | S100: 0 | T100: =R100/Q100 -> 0.96100241 | U100: =R100/H100 -> 0.38674487 | V100: =R100/S100 -> #DIV/0! | W100: =H100-Q100 -> 2450000
A101: KWM | B101: 10120004 | C101: UNIT PENGURUSAN FASILITI-UPF | D101: B24000 | E101: 4-SEWAAN | F101: SEWAAN | G101: UPF | H101: 100000 | I101: 50000 | J101: 48579 | K101: 55024.76 | L101: =J101/I101 -> 0.97158 | M101: =J101/H101 -> 0.48579 | N101: =J101/K101 -> 0.8828571 | O101: =H101-J101 -> 51421 | Q101: 27000 | R101: 23582.04 | S101: 23582.04 | T101: =R101/Q101 -> 0.87340889 | U101: =R101/H101 -> 0.2358204 | V101: =R101/S101 -> 1 | W101: =H101-Q101 -> 73000
A102: KWM | B102: 10200001 | C102: PL-PERLIS | D102: B24000 | E102: 4-SEWAAN | F102: SEWAAN | G102: PL | H102: 115000 | I102: 58000 | J102: 57128 | K102: 58125 | L102: =J102/I102 -> 0.98496552 | M102: =J102/H102 -> 0.49676522 | N102: =J102/K102 -> 0.98284731 | O102: =H102-J102 -> 57872 | Q102: 22000 | R102: 17987 | S102: 34277 | T102: =R102/Q102 -> 0.81759091 | U102: =R102/H102 -> 0.1564087 | V102: =R102/S102 -> 0.52475421 | W102: =H102-Q102 -> 93000
A103: KWM | B103: 10200002 | C103: KD-KEDAH | D103: B24000 | E103: 4-SEWAAN | F103: SEWAAN | G103: KD | H103: 31500 | I103: 14000 | J103: 13587.6 | K103: 10297 | L103: =J103/I103 -> 0.97054286 | M103: =J103/H103 -> 0.43135238 | N103: =J103/K103 -> 1.3195688 | O103: =H103-J103 -> 17912.4 | Q103: =6500+100 -> 6600 | R103: 5356.8 | S103: 5257 | T103: =R103/Q103 -> 0.81163636 | U103: =R103/H103 -> 0.17005714 | V103: =R103/S103 -> 1.0189842 | W103: =H103-Q103 -> 24900
A104: KWM | B104: 10200003 | C104: PP-PULAU PINANG | D104: B24000 | E104: 4-SEWAAN | F104: SEWAAN | G104: PP | H104: 300000 | I104: 145000 | J104: 143724.58 | K104: 129780.3 | L104: =J104/I104 -> 0.991204 | M104: =J104/H104 -> 0.47908193 | N104: =J104/K104 -> 1.1074453 | O104: =H104-J104 -> 156275.42 | Q104: 82000 | R104: 71994.78 | S104: 85920.2 | T104: =R104/Q104 -> 0.87798512 | U104: =R104/H104 -> 0.2399826 | V104: =R104/S104 -> 0.83792612 | W104: =H104-Q104 -> 218000
A105: KWM | B105: 10200004 | C105: PR-PERAK | D105: B24000 | E105: 4-SEWAAN | F105: SEWAAN | G105: PR | H105: 366000 | I105: 240000 | J105: 238348.38 | K105: 158790.24 | L105: =J105/I105 -> 0.99311825 | M105: =J105/H105 -> 0.65122508 | N105: =J105/K105 -> 1.5010266 | O105: =H105-J105 -> 127651.62 | Q105: 135000 | R105: 118347.78 | S105: 130592.3 | T105: =R105/Q105 -> 0.87665022 | U105: =R105/H105 -> 0.32335459 | V105: =R105/S105 -> 0.90623858 | W105: =H105-Q105 -> 231000
A106: KWM | B106: 10200005 | C106: SL-SELANGOR | D106: B24000 | E106: 4-SEWAAN | F106: SEWAAN | G106: SL | H106: 991000 | I106: 480000 | J106: 478175.78 | K106: 456389.48 | L106: =J106/I106 -> 0.99619954 | M106: =J106/H106 -> 0.48251845 | N106: =J106/K106 -> 1.0477362 | O106: =H106-J106 -> 512824.22 | Q106: 275000 | R106: 238216.37 | S106: 230168.74 | T106: =R106/Q106 -> 0.86624135 | U106: =R106/H106 -> 0.24037979 | V106: =R106/S106 -> 1.034964 | W106: =H106-Q106 -> 716000
A107: KWM | B107: 10200006 | C107: WP-WILAYAH PERSEKUTUAN (KL) | D107: B24000 | E107: 4-SEWAAN | F107: SEWAAN | G107: WP | H107: 1318000 | I107: 560000 | J107: 555342.4 | K107: 754327.82 | L107: =J107/I107 -> 0.99168286 | M107: =J107/H107 -> 0.42135235 | N107: =J107/K107 -> 0.7362083 | O107: =H107-J107 -> 762657.6 | Q107: =445000+3000 -> 448000 | R107: 431910.24 | S107: 327252.18 | T107: =R107/Q107 -> 0.96408536 | U107: =R107/H107 -> 0.32770124 | V107: =R107/S107 -> 1.3198086 | W107: =H107-Q107 -> 870000
A108: KWM | B108: 10200007 | C108: NS-NEGERI SEMBILAN | D108: B24000 | E108: 4-SEWAAN | F108: SEWAAN | G108: NS | H108: 888500 | I108: 450000 | J108: 437298.66 | K108: 383660.8 | L108: =J108/I108 -> 0.9717748 | M108: =J108/H108 -> 0.49217632 | N108: =J108/K108 -> 1.1398054 | O108: =H108-J108 -> 451201.34 | Q108: 172000 | R108: 148198.94 | S108: 191109.4 | T108: =R108/Q108 -> 0.86162174 | U108: =R108/H108 -> 0.16679678 | V108: =R108/S108 -> 0.77546651 | W108: =H108-Q108 -> 716500
A109: KWM | B109: 10200008 | C109: ML-MELAKA | D109: B24000 | E109: 4-SEWAAN | F109: SEWAAN | G109: ML | H109: 281500 | I109: 110000 | J109: 107683.9 | K109: 107792.1 | L109: =J109/I109 -> 0.97894455 | M109: =J109/H109 -> 0.38253606 | N109: =J109/K109 -> 0.99899622 | O109: =H109-J109 -> 173816.1 | Q109: 65000 | R109: 52962.35 | S109: 53803.05 | T109: =R109/Q109 -> 0.81480538 | U109: =R109/H109 -> 0.18814334 | V109: =R109/S109 -> 0.98437449 | W109: =H109-Q109 -> 216500
A110: KWM | B110: 10200009 | C110: JH-JOHOR | D110: B24000 | E110: 4-SEWAAN | F110: SEWAAN | G110: JH | H110: 22000 | I110: 11000 | J110: 9220 | K110: 9980 | L110: =J110/I110 -> 0.83818182 | M110: =J110/H110 -> 0.41909091 | N110: =J110/K110 -> 0.9238477 | O110: =H110-J110 -> 12780 | Q110: 5200 | R110: 4190 | S110: 5990 | T110: =R110/Q110 -> 0.80576923 | U110: =R110/H110 -> 0.19045455 | V110: =R110/S110 -> 0.69949917 | W110: =H110-Q110 -> 16800
A111: KWM | B111: 10200010 | C111: PH-PAHANG | D111: B24000 | E111: 4-SEWAAN | F111: SEWAAN | G111: PH | H111: 469000 | I111: 230000 | J111: 228050.3 | K111: 208151.1 | L111: =J111/I111 -> 0.99152304 | M111: =J111/H111 -> 0.48624797 | N111: =J111/K111 -> 1.0955998 | O111: =H111-J111 -> 240949.7 | Q111: 96000 | R111: 77697.56 | S111: 98413.2 | T111: =R111/Q111 -> 0.80934958 | U111: =R111/H111 -> 0.16566644 | V111: =R111/S111 -> 0.78950344 | W111: =H111-Q111 -> 373000
A112: KWM | B112: 10200011 | C112: TR-TERENGGANU | D112: B24000 | E112: 4-SEWAAN | F112: SEWAAN | G112: TR | H112: 413500 | I112: 190000 | J112: 186540 | K112: 96173 | L112: =J112/I112 -> 0.98178947 | M112: =J112/H112 -> 0.45112455 | N112: =J112/K112 -> 1.9396296 | O112: =H112-J112 -> 226960 | Q112: =107500+3000 -> 110500 | R112: 91287 | S112: 91287 | T112: =R112/Q112 -> 0.8261267 | U112: =R112/H112 -> 0.22076663 | V112: =R112/S112 -> 1 | W112: =H112-Q112 -> 303000
A113: KWM | B113: 10200012 | C113: KN-KELANTAN | D113: B24000 | E113: 4-SEWAAN | F113: SEWAAN | G113: KN | H113: 311500 | I113: 155000 | J113: 146518.8 | K113: 146518.8 | L113: =J113/I113 -> 0.94528258 | M113: =J113/H113 -> 0.47036533 | N113: =J113/K113 -> 1 | O113: =H113-J113 -> 164981.2 | Q113: 60000 | R113: 49075.6 | S113: 72759.4 | T113: =R113/Q113 -> 0.81792667 | U113: =R113/H113 -> 0.15754607 | V113: =R113/S113 -> 0.67449154 | W113: =H113-Q113 -> 251500
A114: KWM | B114: 10200020 | C114: SR-SARAWAK | D114: B24000 | E114: 4-SEWAAN | F114: SEWAAN | G114: SR | H114: 26000 | I114: 10000 | J114: 9690.8 | K114: 13964 | L114: =J114/I114 -> 0.96908 | M114: =J114/H114 -> 0.37272308 | N114: =J114/K114 -> 0.69398453 | O114: =H114-J114 -> 16309.2 | Q114: =4300+100 -> 4400 | R114: 3547.96 | S114: 2959 | T114: =R114/Q114 -> 0.80635455 | U114: =R114/H114 -> 0.13646 | V114: =R114/S114 -> 1.1990402 | W114: =H114-Q114 -> 21600
A115: KWM | B115: 10200021 | C115: MR-MIRI | D115: B24000 | E115: 4-SEWAAN | F115: SEWAAN | G115: MR | H115: 220000 | I115: 92000 | J115: 89805.2 | K115: 84720 | L115: =J115/I115 -> 0.97614348 | M115: =J115/H115 -> 0.40820545 | N115: =J115/K115 -> 1.0600236 | O115: =H115-J115 -> 130194.8 | Q115: 23000 | R115: 18686.8 | S115: 34170 | T115: =R115/Q115 -> 0.81246957 | U115: =R115/H115 -> 0.08494 | V115: =R115/S115 -> 0.54687738 | W115: =H115-Q115 -> 197000
A116: KWM | B116: 10200022 | C116: BT-BINTULU | D116: B24000 | E116: 4-SEWAAN | F116: SEWAAN | G116: BT | H116: 227500 | I116: 50000 | J116: 48704 | K116: 48704 | L116: =J116/I116 -> 0.97408 | M116: =J116/H116 -> 0.21408352 | N116: =J116/K116 -> 1 | O116: =H116-J116 -> 178796 | Q116: 30000 | R116: 24000 | S116: 24176 | T116: =R116/Q116 -> 0.8 | U116: =R116/H116 -> 0.10549451 | V116: =R116/S116 -> 0.99272005 | W116: =H116-Q116 -> 197500
A117: KWM | B117: 10200023 | C117: SI-SIBU | D117: B24000 | E117: 4-SEWAAN | F117: SEWAAN | G117: SI | H117: 103600 | I117: 51000 | J117: 50360 | K117: 43512.6 | L117: =J117/I117 -> 0.98745098 | M117: =J117/H117 -> 0.48610039 | N117: =J117/K117 -> 1.1573659 | O117: =H117-J117 -> 53240 | Q117: 27000 | R117: 26107.4 | S117: 15153.4 | T117: =R117/Q117 -> 0.96694074 | U117: =R117/H117 -> 0.25200193 | V117: =R117/S117 -> 1.7228741 | W117: =H117-Q117 -> 76600
A118: KWM | B118: 10200030 | C118: SB-SABAH | D118: B24000 | E118: 4-SEWAAN | F118: SEWAAN | G118: SB | H118: 804000 | I118: 330000 | J118: 323193.09 | K118: 285521.9 | L118: =J118/I118 -> 0.979373 | M118: =J118/H118 -> 0.40198146 | N118: =J118/K118 -> 1.131938 | O118: =H118-J118 -> 480806.91 | Q118: =131000+500 -> 131500 | R118: 107496.09 | S118: 142515.95 | T118: =R118/Q118 -> 0.81746076 | U118: =R118/H118 -> 0.1337016 | V118: =R118/S118 -> 0.7542741 | W118: =H118-Q118 -> 672500
A119: KWM | B119: 10200031 | C119: TW-TAWAU | D119: B24000 | E119: 4-SEWAAN | F119: SEWAAN | G119: TW | H119: 222000 | I119: 95000 | J119: 94580.8 | K119: 88427.6 | L119: =J119/I119 -> 0.99558737 | M119: =J119/H119 -> 0.42603964 | N119: =J119/K119 -> 1.0695846 | O119: =H119-J119 -> 127419.2 | Q119: 57700 | R119: 47290.4 | S119: 44088.8 | T119: =R119/Q119 -> 0.81959099 | U119: =R119/H119 -> 0.21301982 | V119: =R119/S119 -> 1.0726171 | W119: =H119-Q119 -> 164300
A120: KWM | B120: 10200032 | C120: SD-SANDAKAN | D120: B24000 | E120: 4-SEWAAN | F120: SEWAAN | G120: SD | H120: 142000 | I120: 72000 | J120: 70814.72 | K120: 55768.55 | L120: =J120/I120 -> 0.98353778 | M120: =J120/H120 -> 0.49869521 | N120: =J120/K120 -> 1.2697967 | O120: =H120-J120 -> 71185.28 | Q120: 36800 | R120: 30194.88 | S120: 26688.52 | T120: =R120/Q120 -> 0.82051304 | U120: =R120/H120 -> 0.21264 | V120: =R120/S120 -> 1.1313808 | W120: =H120-Q120 -> 105200
A121: KWM | B121: 10110001 | C121: PEJABAT KETUA EKSEKUTIF-PKE | D121: B26000 | E121: 5-BEKALAN | F121: BEKALAN | G121: PKE | H121: 100 | I121: 100 | J121: 88.71 | K121: 0 | L121: =J121/I121 -> 0.8871 | M121: =J121/H121 -> 0.8871 | N121: =J121/K121 -> #DIV/0! | O121: =H121-J121 -> 11.29 | Q121: 100 | R121: 88.71 | S121: 0 | T121: =R121/Q121 -> 0.8871 | U121: =R121/H121 -> 0.8871 | V121: =R121/S121 -> #DIV/0! | W121: =H121-Q121 -> 0
A122: KWM | B122: 10120001 | C122: SUMBER MANUSIA-BSM | D122: B26000 | E122: 5-BEKALAN | F122: BEKALAN | G122: BSM | H122: 1048000 | I122: 526000 | J122: 475191.47 | K122: 335263.01 | L122: =J122/I122 -> 0.90340584 | M122: =J122/H122 -> 0.45342698 | N122: =J122/K122 -> 1.4173692 | O122: =H122-J122 -> 572808.53 | Q122: =175000+38400 -> 213400 | R122: 173978.19 | S122: 41612.52 | T122: =R122/Q122 -> 0.81526799 | U122: =R122/H122 -> 0.16600972 | V122: =R122/S122 -> 4.1809097 | W122: =H122-Q122 -> 834600
A123: KWM | B123: 10120002 | C123: TEKNOLOGI MAKLUMAT-BTM | D123: B26000 | E123: 5-BEKALAN | F123: BEKALAN | G123: BTM | H123: 100000 | I123: 0 | J123: 0 | K123: 7196 | L123: =J123/I123 -> #DIV/0! | M123: =J123/H123 -> 0 | N123: =J123/K123 -> 0 | O123: =H123-J123 -> 100000 | Q123: 0 | R123: 0 | S123: 7196 | T123: =R123/Q123 -> #DIV/0! | U123: =R123/H123 -> 0 | V123: =R123/S123 -> 0 | W123: =H123-Q123 -> 100000
A124: KWM | B124: 10120004 | C124: UNIT PENGURUSAN FASILITI-UPF | D124: B26000 | E124: 5-BEKALAN | F124: BEKALAN | G124: UPF | H124: 1329200 | I124: 68000 | J124: 66075.8 | K124: 32271 | L124: =J124/I124 -> 0.97170294 | M124: =J124/H124 -> 0.049710954 | N124: =J124/K124 -> 2.0475287 | O124: =H124-J124 -> 1263124.2 | Q124: 0 | R124: 0 | S124: 10088 | T124: =R124/Q124 -> #DIV/0! | U124: =R124/H124 -> 0 | V124: =R124/S124 -> 0 | W124: =H124-Q124 -> 1329200
A125: KWM | B125: 10130001 | C125: PENGURUSAN LEVI-BPLV | D125: B26000 | E125: 5-BEKALAN | F125: BEKALAN | G125: BPV | H125: 6000 | I125: 0 | J125: 0 | K125: 0 | L125: =J125/I125 -> #DIV/0! | M125: =J125/H125 -> 0 | N125: =J125/K125 -> #DIV/0! | O125: =H125-J125 -> 6000
...

Sheet B.MODAL
A1: Fund | B1: Funds Center | C1: Funds Center Description | D1: Funded Program | E1: Funded Program Desc | F1: KOD CI | G1: Commitment Item | H1: Commitment Item Description | I1: PTJ | J1: BAJET 2026 | K1: BAJET 06-2026 | L1: SEBENAR 06-2026 | M1: AUDITED 06-2025 | N1: PRESTASI 06-2026 | O1: PRESTASI 2026 | P1: PRESTASI 26 vs 25 | Q1: BAKI BAJET 2026 | S1: BAJET 03-2026 | T1: SEBENAR 03-2026 | U1: AUDITED 03-2025 | V1: PRESTASI 03-2026 | W1: PRESTASI 2026 | X1: PRESTASI 26 vs 25 | Y1: BAKI BAJET 2026
A2: KWM | B2: 10120004 | C2: UNIT PENGURUSAN FASILITI-UPF | F2: 1-KENDERAAN | G2: A34000 | H2: KENDERAAN | I2: UPF | J2: 1400000 | K2: 651000 | L2: 568500 | M2: 331944 | N2: =L2/K2 -> 0.87327189 | O2: =L2/J2 -> 0.40607143 | P2: =L2/M2 -> 1.7126383 | Q2: =J2-L2 -> 831500 | V2: =T2/S2 -> #DIV/0! | W2: =T2/J2 -> 0 | X2: =T2/U2 -> #DIV/0! | Y2: =J2-S2 -> 1400000
A3: KWM | B3: 10120004 | C3: UNIT PENGURUSAN FASILITI-UPF | F3: 2-K/PEJ | G3: A35000 | H3: KELENGKAPAN PEJABAT | I3: UPF | J3: 544900 | K3: 82600 | L3: 70357 | M3: 299013.2 | N3: =L3/K3 -> 0.85177966 | O3: =L3/J3 -> 0.1291191 | P3: =L3/M3 -> 0.2352973 | Q3: =J3-L3 -> 474543 | S3: 3900 | V3: =T3/S3 -> 0 | W3: =T3/J3 -> 0 | X3: =T3/U3 -> #DIV/0! | Y3: =J3-S3 -> 541000
A4: KWM | B4: 10200001 | C4: PL-PERLIS | F4: 2-K/PEJ | G4: A35000 | H4: KELENGKAPAN PEJABAT | I4: PL | J4: 25400 | K4: 25400 | L4: 25325 | N4: =L4/K4 -> 0.99704724 | O4: =L4/J4 -> 0.99704724 | P4: =L4/M4 -> #DIV/0! | Q4: =J4-L4 -> 75 | V4: =T4/S4 -> #DIV/0! | W4: =T4/J4 -> 0 | X4: =T4/U4 -> #DIV/0! | Y4: =J4-S4 -> 25400
A5: KWM | B5: 10200002 | C5: KD-KEDAH | F5: 2-K/PEJ | G5: A35000 | H5: KELENGKAPAN PEJABAT | I5: KD | J5: 89500 | K5: 20000 | L5: 16263.8 | N5: =L5/K5 -> 0.81319 | O5: =L5/J5 -> 0.18171844 | P5: =L5/M5 -> #DIV/0! | Q5: =J5-L5 -> 73236.2 | V5: =T5/S5 -> #DIV/0! | W5: =T5/J5 -> 0 | X5: =T5/U5 -> #DIV/0! | Y5: =J5-S5 -> 89500
A6: KWM | B6: 10200003 | C6: PP-PULAU PINANG | F6: 2-K/PEJ | G6: A35000 | H6: KELENGKAPAN PEJABAT | I6: PP | J6: 12000 | L6: 0 | N6: =L6/K6 -> #DIV/0! | O6: =L6/J6 -> 0 | P6: =L6/M6 -> #DIV/0! | Q6: =J6-L6 -> 12000 | V6: =T6/S6 -> #DIV/0! | W6: =T6/J6 -> 0 | X6: =T6/U6 -> #DIV/0! | Y6: =J6-S6 -> 12000
A7: KWM | B7: 10200004 | C7: PR-PERAK | F7: 2-K/PEJ | G7: A35000 | H7: KELENGKAPAN PEJABAT | I7: PR | J7: 35000 | L7: 0 | N7: =L7/K7 -> #DIV/0! | O7: =L7/J7 -> 0 | P7: =L7/M7 -> #DIV/0! | Q7: =J7-L7 -> 35000 | V7: =T7/S7 -> #DIV/0! | W7: =T7/J7 -> 0 | X7: =T7/U7 -> #DIV/0! | Y7: =J7-S7 -> 35000
A8: KWM | B8: 10200005 | C8: SL-SELANGOR | F8: 2-K/PEJ | G8: A35000 | H8: KELENGKAPAN PEJABAT | I8: SL | J8: 13000 | L8: 0 | N8: =L8/K8 -> #DIV/0! | O8: =L8/J8 -> 0 | P8: =L8/M8 -> #DIV/0! | Q8: =J8-L8 -> 13000 | V8: =T8/S8 -> #DIV/0! | W8: =T8/J8 -> 0 | X8: =T8/U8 -> #DIV/0! | Y8: =J8-S8 -> 13000
A9: KWM | B9: 10200006 | C9: WP-WILAYAH PERSEKUTUAN (KL) | F9: 2-K/PEJ | G9: A35000 | H9: KELENGKAPAN PEJABAT | I9: WP | J9: 49600 | K9: 35000 | L9: 30435 | N9: =L9/K9 -> 0.86957143 | O9: =L9/J9 -> 0.61360887 | P9: =L9/M9 -> #DIV/0! | Q9: =J9-L9 -> 19165 | S9: 35000 | T9: 28235 | V9: =T9/S9 -> 0.80671429 | W9: =T9/J9 -> 0.56925403 | X9: =T9/U9 -> #DIV/0! | Y9: =J9-S9 -> 14600
A10: KWM | B10: 10200007 | C10: NS-NEGERI SEMBILAN | F10: 2-K/PEJ | G10: A35000 | H10: KELENGKAPAN PEJABAT | I10: NS | J10: 20000 | L10: 0 | N10: =L10/K10 -> #DIV/0! | O10: =L10/J10 -> 0 | P10: =L10/M10 -> #DIV/0! | Q10: =J10-L10 -> 20000 | V10: =T10/S10 -> #DIV/0! | W10: =T10/J10 -> 0 | X10: =T10/U10 -> #DIV/0! | Y10: =J10-S10 -> 20000
A11: KWM | B11: 10200008 | C11: ML-MELAKA | F11: 2-K/PEJ | G11: A35000 | H11: KELENGKAPAN PEJABAT | I11: ML | J11: 20000 | K11: 20000 | L11: 17172 | N11: =L11/K11 -> 0.8586 | O11: =L11/J11 -> 0.8586 | P11: =L11/M11 -> #DIV/0! | Q11: =J11-L11 -> 2828 | V11: =T11/S11 -> #DIV/0! | W11: =T11/J11 -> 0 | X11: =T11/U11 -> #DIV/0! | Y11: =J11-S11 -> 20000
A12: KWM | B12: 10200009 | C12: JH-JOHOR | F12: 2-K/PEJ | G12: A35000 | H12: KELENGKAPAN PEJABAT | I12: JH | J12: 13000 | K12: 13000 | L12: 13000 | N12: =L12/K12 -> 1 | O12: =L12/J12 -> 1 | P12: =L12/M12 -> #DIV/0! | Q12: =J12-L12 -> 0 | V12: =T12/S12 -> #DIV/0! | W12: =T12/J12 -> 0 | X12: =T12/U12 -> #DIV/0! | Y12: =J12-S12 -> 13000
A13: KWM | B13: 10200011 | C13: TR-TERENGGANU | F13: 2-K/PEJ | G13: A35000 | H13: KELENGKAPAN PEJABAT | I13: TR | J13: 30000 | K13: 30000 | L13: 24246.9 | N13: =L13/K13 -> 0.80823 | O13: =L13/J13 -> 0.80823 | P13: =L13/M13 -> #DIV/0! | Q13: =J13-L13 -> 5753.1 | U13: 11210 | V13: =T13/S13 -> #DIV/0! | W13: =T13/J13 -> 0 | X13: =T13/U13 -> 0 | Y13: =J13-S13 -> 30000
A14: KWM | B14: 10200020 | C14: SR-SARAWAK | F14: 2-K/PEJ | G14: A35000 | H14: KELENGKAPAN PEJABAT | I14: SR | J14: 3000 | L14: 0 | N14: =L14/K14 -> #DIV/0! | O14: =L14/J14 -> 0 | P14: =L14/M14 -> #DIV/0! | Q14: =J14-L14 -> 3000 | V14: =T14/S14 -> #DIV/0! | W14: =T14/J14 -> 0 | X14: =T14/U14 -> #DIV/0! | Y14: =J14-S14 -> 3000
A15: KWM | B15: 10200021 | C15: MR-MIRI | F15: 2-K/PEJ | G15: A35000 | H15: KELENGKAPAN PEJABAT | I15: MR | J15: 4000 | L15: 0 | N15: =L15/K15 -> #DIV/0! | O15: =L15/J15 -> 0 | P15: =L15/M15 -> #DIV/0! | Q15: =J15-L15 -> 4000 | V15: =T15/S15 -> #DIV/0! | W15: =T15/J15 -> 0 | X15: =T15/U15 -> #DIV/0! | Y15: =J15-S15 -> 4000
A16: KWM | B16: 10200023 | C16: SI-SIBU | F16: 2-K/PEJ | G16: A35000 | H16: KELENGKAPAN PEJABAT | I16: SI | J16: 9100 | K16: 4000 | L16: 3950 | N16: =L16/K16 -> 0.9875 | O16: =L16/J16 -> 0.43406593 | P16: =L16/M16 -> #DIV/0! | Q16: =J16-L16 -> 5150 | V16: =T16/S16 -> #DIV/0! | W16: =T16/J16 -> 0 | X16: =T16/U16 -> #DIV/0! | Y16: =J16-S16 -> 9100
A17: KWM | B17: 10200030 | C17: SB-SABAH | F17: 2-K/PEJ | G17: A35000 | H17: KELENGKAPAN PEJABAT | I17: SB | J17: 24000 | L17: 0 | N17: =L17/K17 -> #DIV/0! | O17: =L17/J17 -> 0 | P17: =L17/M17 -> #DIV/0! | Q17: =J17-L17 -> 24000 | V17: =T17/S17 -> #DIV/0! | W17: =T17/J17 -> 0 | X17: =T17/U17 -> #DIV/0! | Y17: =J17-S17 -> 24000
A18: KWM | B18: 10200031 | C18: TW-TAWAU | F18: 2-K/PEJ | G18: A35000 | H18: KELENGKAPAN PEJABAT | I18: TW | J18: 35000 | L18: 0 | N18: =L18/K18 -> #DIV/0! | O18: =L18/J18 -> 0 | P18: =L18/M18 -> #DIV/0! | Q18: =J18-L18 -> 35000 | V18: =T18/S18 -> #DIV/0! | W18: =T18/J18 -> 0 | X18: =T18/U18 -> #DIV/0! | Y18: =J18-S18 -> 35000
A19: KWM | B19: 10200032 | C19: SD-SANDAKAN | F19: 2-K/PEJ | G19: A35000 | H19: KELENGKAPAN PEJABAT | I19: SD | J19: 6000 | L19: 0 | N19: =L19/K19 -> #DIV/0! | O19: =L19/J19 -> 0 | P19: =L19/M19 -> #DIV/0! | Q19: =J19-L19 -> 6000 | V19: =T19/S19 -> #DIV/0! | W19: =T19/J19 -> 0 | X19: =T19/U19 -> #DIV/0! | Y19: =J19-S19 -> 6000
A20: KWM | B20: 10120002 | C20: TEKNOLOGI MAKLUMAT-BTM | F20: 3-KOMPUTER | G20: A38000 | H20: KOMPUTER | I20: BTM | J20: 2750000 | K20: 55000 | L20: =43810.2+4536 -> 48346.2 | N20: =L20/K20 -> 0.87902182 | O20: =L20/J20 -> 0.017580436 | P20: =L20/M20 -> #DIV/0! | Q20: =J20-L20 -> 2701653.8 | V20: =T20/S20 -> #DIV/0! | W20: =T20/J20 -> 0 | X20: =T20/U20 -> #DIV/0! | Y20: =J20-S20 -> 2750000
A21: KWM | B21: 10120004 | C21: UNIT PENGURUSAN FASILITI-UPF | F21: 4-PERABOT | G21: A39200 | H21: PERABOT & LENGKAPAN | I21: UPF | J21: 136500 | K21: 1000 | N21: =L21/K21 -> 0 | O21: =L21/J21 -> 0 | P21: =L21/M21 -> #DIV/0! | Q21: =J21-L21 -> 136500 | V21: =T21/S21 -> #DIV/0! | W21: =T21/J21 -> 0 | X21: =T21/U21 -> #DIV/0! | Y21: =J21-S21 -> 136500
A22: KWM | B22: 10200003 | C22: PP-PULAU PINANG | F22: 4-PERABOT | G22: A39200 | H22: PERABOT & LENGKAPAN | I22: PP | J22: 20000 | N22: =L22/K22 -> #DIV/0! | O22: =L22/J22 -> 0 | P22: =L22/M22 -> #DIV/0! | Q22: =J22-L22 -> 20000 | V22: =T22/S22 -> #DIV/0! | W22: =T22/J22 -> 0 | X22: =T22/U22 -> #DIV/0! | Y22: =J22-S22 -> 20000
A23: KWM | B23: 10200004 | C23: PR-PERAK | F23: 4-PERABOT | G23: A39200 | H23: PERABOT & LENGKAPAN | I23: PR | J23: 8000 | K23: 8000 | L23: 7998 | M23: 8700 | N23: =L23/K23 -> 0.99975 | O23: =L23/J23 -> 0.99975 | P23: =L23/M23 -> 0.91931034 | Q23: =J23-L23 -> 2 | U23: 8700 | V23: =T23/S23 -> #DIV/0! | W23: =T23/J23 -> 0 | X23: =T23/U23 -> 0 | Y23: =J23-S23 -> 8000
A24: KWM | B24: 10200006 | C24: WP-WILAYAH PERSEKUTUAN (KL) | F24: 4-PERABOT | G24: A39200 | H24: PERABOT & LENGKAPAN | I24: WP | J24: 5000 | N24: =L24/K24 -> #DIV/0! | O24: =L24/J24 -> 0 | P24: =L24/M24 -> #DIV/0! | Q24: =J24-L24 -> 5000 | V24: =T24/S24 -> #DIV/0! | W24: =T24/J24 -> 0 | X24: =T24/U24 -> #DIV/0! | Y24: =J24-S24 -> 5000
A25: KWM | B25: 10200009 | C25: JH-JOHOR | F25: 4-PERABOT | G25: A39200 | H25: PERABOT & LENGKAPAN | I25: JH | J25: 5800 | N25: =L25/K25 -> #DIV/0! | O25: =L25/J25 -> 0 | P25: =L25/M25 -> #DIV/0! | Q25: =J25-L25 -> 5800
Q26: =J26-L26 -> 0
A27: KWP | B27: 10120004 | C27: UNIT PENGURUSAN FASILITI-UPF | G27: A93200 | H27: BANGUNAN
A29: KWP | B29: 10120001 | C29: SUMBER MANUSIA-BSM | D29: PM.000022.P01 | E29: Bangunan CIDB Trg-Perunding Arkitek | F29: 5-BANGUNAN | G29: B31000 | H29: BAYARAN PROJEK | I29: UPF | J29: 100000 | L29: 0 | N29: =L29/K29 -> #DIV/0! | O29: =L29/J29 -> 0 | P29: =L29/M29 -> #DIV/0! | Q29: =J29-L29 -> 100000 | V29: =T29/S29 -> #DIV/0! | W29: =T29/J29 -> 0 | X29: =T29/U29 -> #DIV/0! | Y29: =J29-S29 -> 100000
A30: KWP | B30: 10120004 | C30: UNIT PENGURUSAN FASILITI-UPF | D30: PM.000031.P01 | E30: Usuai CIDB Kelantan-Perunding Arkitek | F30: 5-BANGUNAN | G30: B31000 | H30: BAYARAN PROJEK | I30: UPF | J30: 100000 | L30: 0 | N30: =L30/K30 -> #DIV/0! | O30: =L30/J30 -> 0 | P30: =L30/M30 -> #DIV/0! | Q30: =J30-L30 -> 100000 | V30: =T30/S30 -> #DIV/0! | W30: =T30/J30 -> 0 | X30: =T30/U30 -> #DIV/0! | Y30: =J30-S30 -> 100000
A31: KWP | B31: 10120004 | C31: UNIT PENGURUSAN FASILITI-UPF | D31: PM.000050.K01 | E31: P'YELGARA'N KOMP. CIDB SRWK-KONT. BINAAN | F31: 5-BANGUNAN | G31: B31000 | H31: BAYARAN PROJEK | I31: UPF | J31: 8262900 | K31: 1522900 | L31: 1214609.2 | M31: 265737.75 | N31: =L31/K31 -> 0.79756337 | O31: =L31/J31 -> 0.14699552 | P31: =L31/M31 -> 4.5707065 | Q31: =J31-L31 -> 7048290.8 | S31: =1074500-S32 -> 814500 | T31: =252612.62+376608.71 -> 629221.33 | V31: =T31/S31 -> 0.77252465 | W31: =T31/J31 -> 0.076150181 | X31: =T31/U31 -> #DIV/0! | Y31: =J31-S31 -> 7448400
A32: KWP | B32: 10120004 | C32: UNIT PENGURUSAN FASILITI-UPF | D32: PM.000050.P02 | E32: P'YELGARA'N KOMP. CIDB SRWK-PERUNDING J/TERA SIVIL | F32: 5-BANGUNAN | G32: B31000 | H32: BAYARAN PROJEK | I32: UPF | J32: 1000000 | K32: 340000 | L32: =331548.8-59189.12 -> 272359.68 | N32: =L32/K32 -> 0.80105788 | O32: =L32/J32 -> 0.27235968 | P32: =L32/M32 -> #DIV/0! | Q32: =J32-L32 -> 727640.32 | S32: 260000 | T32: =29594.56+183576 -> 213170.56 | U32: 158873.67 | V32: =T32/S32 -> 0.81988677 | W32: =T32/J32 -> 0.21317056 | X32: =T32/U32 -> 1.3417614 | Y32: =J32-S32 -> 740000
A33: KWP | B33: 10120004 | C33: UNIT PENGURUSAN FASILITI-UPF | D33: PM.000069.K01 | E33: BUMBUNG CIDB NEGERI JOHOR-PERLANTIKAN KONTRAKTOR | F33: 5-BANGUNAN | G33: B31000 | H33: BAYARAN PROJEK | I33: UPF | J33: 520000 | L33: 0 | N33: =L33/K33 -> #DIV/0! | O33: =L33/J33 -> 0 | P33: =L33/M33 -> #DIV/0! | Q33: =J33-L33 -> 520000 | V33: =T33/S33 -> #DIV/0! | W33: =T33/J33 -> 0 | X33: =T33/U33 -> #DIV/0! | Y33: =J33-S33 -> 520000
A34: KWP | B34: 10120004 | C34: UNIT PENGURUSAN FASILITI-UPF | D34: PM.000070.K01 | E34: UBAHSUAI PEJABAT CIDB NEGERI PERAK-KONT BINAAN | F34: 5-BANGUNAN ABM | G34: B31000 | H34: BAYARAN PROJEK | I34: UPF | J34: 437100 | K34: 437100 | L34: 437099 | N34: =L34/K34 -> 0.99999771 | O34: =L34/J34 -> 0.99999771 | P34: =L34/M34 -> #DIV/0! | Q34: =J34-L34 -> 1
A35: KWP | B35: 10120001 | C35: SUMBER MANUSIA-BSM | D35: PM.000019.P08 | E35: The MET-Ubahsuai Pejabat CIDBH | F35: 5-BANGUNAN THE MET | G35: B31000 | H35: BAYARAN PROJEK | I35: UPF | J35: 1000000 | L35: 0 | N35: =L35/K35 -> #DIV/0! | O35: =L35/J35 -> 0 | P35: =L35/M35 -> #DIV/0! | Q35: =J35-L35 -> 1000000 | V35: =T35/S35 -> #DIV/0! | W35: =T35/J35 -> 0 | X35: =T35/U35 -> #DIV/0! | Y35: =J35-S35 -> 1000000
A36: KWP | B36: 10120001 | C36: SUMBER MANUSIA-BSM | D36: PM.000002.K02 | E36: P'binaan Kampus ABM Sbh- Kontraktor KTI Sdn Bhd | F36: 5-BANGUNAN ABM | G36: B31000 | H36: BAYARAN PROJEK | I36: UPF | J36: 48775200 | K36: 3865000 | L36: =5900610-2409134.16 -> 3491475.8 | M36: 4830382.1 | N36: =L36/K36 -> 0.90335727 | O36: =L36/J36 -> 0.071583014 | P36: =L36/M36 -> 0.72281566 | Q36: =J36-L36 -> 45283724 | S36: =1994000-S42 -> 1434000 | T36: 1235620 | V36: =T36/S36 -> 0.86165969 | W36: =T36/J36 -> 0.025332956 | X36: =T36/U36 -> #DIV/0! | Y36: =J36-S36 -> 47341200
A37: KWP | B37: 10120001 | C37: SUMBER MANUSIA-BSM | D37: PM.000002.P01 | E37: Pembinaan Kampus ABM Sbh-Perunding Arkitek | F37: 5-BANGUNAN ABM | G37: B31000 | H37: BAYARAN PROJEK | I37: UPF | J37: 500000 | K37: 500000 | L37: 406404.04 | N37: =L37/K37 -> 0.81280808 | O37: =L37/J37 -> 0.81280808 | P37: =L37/M37 -> #DIV/0! | Q37: =J37-L37 -> 93595.96 | V37: =T37/S37 -> #DIV/0! | W37: =T37/J37 -> 0 | X37: =T37/U37 -> #DIV/0! | Y37: =J37-S37 -> 500000
A38: KWP | B38: 10120001 | C38: SUMBER MANUSIA-BSM | D38: PM.000002.P02 | E38: P'binaan Kampus ABM Sabah-Perunding Jurutera Sivil | F38: 5-BANGUNAN ABM | G38: B31000 | H38: BAYARAN PROJEK | I38: UPF | J38: 500000 | K38: 70000 | L38: 59689.44 | N38: =L38/K38 -> 0.85270629 | O38: =L38/J38 -> 0.11937888 | P38: =L38/M38 -> #DIV/0! | Q38: =J38-L38 -> 440310.56 | V38: =T38/S38 -> #DIV/0! | W38: =T38/J38 -> 0 | X38: =T38/U38 -> #DIV/0! | Y38: =J38-S38 -> 500000
A39: KWP | B39: 10120001 | C39: SUMBER MANUSIA-BSM | D39: PM.000002.P03 | E39: ABM Sabah-Perunding Jurutera Mekanikal | F39: 5-BANGUNAN ABM | G39: B31000 | H39: BAYARAN PROJEK | I39: UPF | J39: 400000 | K39: 170000 | L39: 139773.6 | N39: =L39/K39 -> 0.82219765 | O39: =L39/J39 -> 0.349434 | P39: =L39/M39 -> #DIV/0! | Q39: =J39-L39 -> 260226.4 | V39: =T39/S39 -> #DIV/0! | W39: =T39/J39 -> 0 | X39: =T39/U39 -> #DIV/0! | Y39: =J39-S39 -> 400000
A40: KWP | B40: 10120001 | C40: SUMBER MANUSIA-BSM | D40: PM.000002.P05 | E40: Pembinaan Kampus ABM Sabah-Perunding Ukur Bahan | F40: 5-BANGUNAN ABM | G40: B31000 | H40: BAYARAN PROJEK | I40: UPF | J40: 300000 | L40: 0 | N40: =L40/K40 -> #DIV/0! | O40: =L40/J40 -> 0 | P40: =L40/M40 -> #DIV/0! | Q40: =J40-L40 -> 300000 | V40: =T40/S40 -> #DIV/0! | W40: =T40/J40 -> 0 | X40: =T40/U40 -> #DIV/0! | Y40: =J40-S40 -> 300000
A41: KWP | B41: 10120001 | C41: SUMBER MANUSIA-BSM | D41: PM.000002.P08 | E41: Pembinaan Kampus ABM Sabah-Perunding BIM | F41: 5-BANGUNAN ABM | G41: B31000 | H41: BAYARAN PROJEK | I41: UPF | J41: 200000 | L41: 0 | N41: =L41/K41 -> #DIV/0! | O41: =L41/J41 -> 0 | P41: =L41/M41 -> #DIV/0! | Q41: =J41-L41 -> 200000 | V41: =T41/S41 -> #DIV/0! | W41: =T41/J41 -> 0 | X41: =T41/U41 -> #DIV/0! | Y41: =J41-S41 -> 200000
A42: KWP | B42: 10120001 | C42: SUMBER MANUSIA-BSM | D42: PM.000008.K01 | E42: Kompleks CIDB Johor-Perlantikan Kontraktor Binaan | F42: 5-BANGUNAN ABM | G42: B31000 | H42: BAYARAN PROJEK | I42: UPF | J42: 6000000 | K42: 1500000 | L42: =2022233.16-571583.93 -> 1450649.2 | N42: =L42/K42 -> 0.96709949 | O42: =L42/J42 -> 0.24177487 | P42: =L42/M42 -> #DIV/0! | Q42: =J42-L42 -> 4549350.8 | S42: 560000 | T42: =367954.17+100086.71 -> 468040.88 | U42: 863257.14 | V42: =T42/S42 -> 0.83578729 | W42: =T42/J42 -> 0.078006813 | X42: =T42/U42 -> 0.54218014 | Y42: =J42-S42 -> 5440000
A43: KWP | B43: 10120001 | C43: SUMBER MANUSIA-BSM | D43: PM.000008.P01 | E43: Kompleks CIDB Johor-Perunding Arkitek | F43: 5-BANGUNAN ABM | G43: B31000 | H43: BAYARAN PROJEK | I43: UPF | J43: 300000 | L43: 0 | N43: =L43/K43 -> #DIV/0! | O43: =L43/J43 -> 0 | P43: =L43/M43 -> #DIV/0! | Q43: =J43-L43 -> 300000 | V43: =T43/S43 -> #DIV/0! | W43: =T43/J43 -> 0 | X43: =T43/U43 -> #DIV/0! | Y43: =J43-S43 -> 300000
A44: KWP | B44: 10120001 | C44: SUMBER MANUSIA-BSM | D44: PM.000008.P02 | E44: Kompleks CIDB Johor-Perunding Jurutera Sivil | F44: 5-BANGUNAN ABM | G44: B31000 | H44: BAYARAN PROJEK | I44: UPF | J44: 300000 | K44: 60000 | L44: 51343.2 | N44: =L44/K44 -> 0.85572 | O44: =L44/J44 -> 0.171144 | P44: =L44/M44 -> #DIV/0! | Q44: =J44-L44 -> 248656.8 | V44: =T44/S44 -> #DIV/0! | W44: =T44/J44 -> 0 | X44: =T44/U44 -> #DIV/0! | Y44: =J44-S44 -> 300000
A45: KWP | B45: 10120001 | C45: SUMBER MANUSIA-BSM | D45: PM.000008.P03 | E45: Kompleks CIDB Jhr-Perunding Mekanikal & Elektrikal | F45: 5-BANGUNAN ABM | G45: B31000 | H45: BAYARAN PROJEK | I45: UPF | J45: 200000 | K45: 35000 | L45: 29376 | N45: =L45/K45 -> 0.83931429 | O45: =L45/J45 -> 0.14688 | P45: =L45/M45 -> #DIV/0! | Q45: =J45-L45 -> 170624 | V45: =T45/S45 -> #DIV/0! | W45: =T45/J45 -> 0 | X45: =T45/U45 -> #DIV/0! | Y45: =J45-S45 -> 200000
A46: KWP | B46: 10120001 | C46: SUMBER MANUSIA-BSM | D46: PM.000008.P05 | E46: Kompleks CIDB Johor-Perunding Jurukur Bahan | F46: 5-BANGUNAN ABM | G46: B31000 | H46: BAYARAN PROJEK | I46: UPF | J46: 100000 | L46: 0 | N46: =L46/K46 -> #DIV/0! | O46: =L46/J46 -> 0 | P46: =L46/M46 -> #DIV/0! | Q46: =J46-L46 -> 100000 | V46: =T46/S46 -> #DIV/0! | W46: =T46/J46 -> 0 | X46: =T46/U46 -> #DIV/0! | Y46: =J46-S46 -> 100000
A47: KWP | B47: 10120001 | C47: SUMBER MANUSIA-BSM | D47: PM.000008.P08 | E47: Kompleks CIDB Johor-Perunding BIM | F47: 5-BANGUNAN ABM | G47: B31000 | H47: BAYARAN PROJEK | I47: UPF | J47: 100000 | L47: 0 | N47: =L47/K47 -> #DIV/0! | O47: =L47/J47 -> 0 | P47: =L47/M47 -> #DIV/0! | Q47: =J47-L47 -> 100000 | V47: =T47/S47 -> #DIV/0! | W47: =T47/J47 -> 0 | X47: =T47/U47 -> #DIV/0! | Y47: =J47-S47 -> 100000
A48: KWP | B48: 10120004 | C48: UNIT PENGURUSAN FASILITI-UPF | D48: PM.000064.K01 | E48: SISTEM PECEGAH KEBAKARAN ABM UTARA-KONTRAKTOR | F48: 5-BANGUNAN ABM | G48: B31000 | H48: BAYARAN PROJEK | I48: UPF | J48: 526000 | K48: 280000 | L48: 237755 | N48: =L48/K48 -> 0.849125 | O48: =L48/J48 -> 0.4520057 | P48: =L48/M48 -> #DIV/0! | Q48: =J48-L48 -> 288245 | V48: =T48/S48 -> #DIV/0! | W48: =T48/J48 -> 0 | X48: =T48/U48 -> #DIV/0! | Y48: =J48-S48 -> 526000
A49: KWP | B49: 10120004 | C49: UNIT PENGURUSAN FASILITI-UPF | D49: PM.000066.K01 | E49: KERJA MEMBINA LONGKANG DI ABM TIMUR-KONTRAKTOR | F49: 5-BANGUNAN ABM | G49: B31000 | H49: BAYARAN PROJEK | I49: UPF | J49: 520000 | K49: 520000 | L49: 461844 | N49: =L49/K49 -> 0.88816154 | O49: =L49/J49 -> 0.88816154 | P49: =L49/M49 -> #DIV/0! | Q49: =J49-L49 -> 58156 | V49: =T49/S49 -> #DIV/0! | W49: =T49/J49 -> 0 | X49: =T49/U49 -> #DIV/0! | Y49: =J49-S49 -> 520000
A51: KWP | B51: 10120002 | C51: TEKNOLOGI MAKLUMAT-BTM | G51: A93300 | H51: SISTEM KOMPUTER
A52: KWP | B52: 10120002 | C52: TEKNOLOGI MAKLUMAT-BTM | D52: PT.000004.P13 | E52: Penambahbaikkan SAP 2026 | F52: 5-S/KOMP | G52: B31000 | H52: BAYARAN PROJEK | I52: BTM | J52: 295000 | K52: 295000 | L52: 294030 | N52: =L52/K52 -> 0.99671186 | O52: =L52/J52 -> 0.99671186 | P52: =L52/M52 -> #DIV/0! | Q52: =J52-L52 -> 970 | V52: =T52/S52 -> #DIV/0! | W52: =T52/J52 -> 0 | X52: =T52/U52 -> #DIV/0! | Y52: =J52-S52 -> 295000
A53: KWP | B53: 10120002 | C53: TEKNOLOGI MAKLUMAT-BTM | D53: PT.000025.P10 | E53: CCPM 2026 | F53: 5-S/KOMP | G53: B31000 | H53: BAYARAN PROJEK | I53: BTM | J53: 250000 | K53: =250000-65000 -> 185000 | L53: 180900 | N53: =L53/K53 -> 0.97783784 | O53: =L53/J53 -> 0.7236 | P53: =L53/M53 -> #DIV/0! | Q53: =J53-L53 -> 69100 | S53: 217000 | T53: 180900 | V53: =T53/S53 -> 0.83364055 | W53: =T53/J53 -> 0.7236 | X53: =T53/U53 -> #DIV/0! | Y53: =J53-S53 -> 33000
A54: KWP | B54: 10120002 | C54: TEKNOLOGI MAKLUMAT-BTM | D54: PT.000041.P09 | E54: CR CIMS 2026 | F54: 5-S/KOMP | G54: B31000 | H54: BAYARAN PROJEK | I54: BTM | J54: 1600000 | L54: 0 | M54: 202932 | N54: =L54/#REF! -> #REF! | O54: =L54/J54 -> 0 | P54: =L54/M54 -> 0 | Q54: =J54-L54 -> 1600000 | V54: =T54/S54 -> #DIV/0! | W54: =T54/J54 -> 0 | X54: =T54/U54 -> #DIV/0! | Y54: =J54-S54 -> 1600000
A55: KWP | B55: 10120002 | C55: TEKNOLOGI MAKLUMAT-BTM | D55: PT.000045.P08 | E55: Sistem Pendaftaran Personel Binaan 2026 | F55: 5-S/KOMP | G55: B31000 | H55: BAYARAN PROJEK | I55: BTM | J55: 300000 | K55: 200000 | L55: 165240 | N55: =L55/K55 -> 0.8262 | O55: =L55/J55 -> 0.5508 | P55: =L55/M55 -> #DIV/0! | Q55: =J55-L55 -> 134760 | V55: =T55/S55 -> #DIV/0! | W55: =T55/J55 -> 0 | X55: =T55/U55 -> #DIV/0! | Y55: =J55-S55 -> 300000
A56: KWP | B56: 10120002 | C56: TEKNOLOGI MAKLUMAT-BTM | D56: PT.000048.P08 | E56: Competency Management System (CMS) 2026 | F56: 5-S/KOMP | G56: B31000 | H56: BAYARAN PROJEK | I56: BTM | J56: 450000 | L56: 0 | N56: =L56/K56 -> #DIV/0! | O56: =L56/J56 -> 0 | P56: =L56/M56 -> #DIV/0! | Q56: =J56-L56 -> 450000 | V56: =T56/S56 -> #DIV/0! | W56: =T56/J56 -> 0 | X56: =T56/U56 -> #DIV/0! | Y56: =J56-S56 -> 450000
A57: KWP | B57: 10120002 | C57: TEKNOLOGI MAKLUMAT-BTM | D57: PT.000053.P06 | E57: Sistem eAset eStor 2026 | F57: 5-S/KOMP | G57: B31000 | H57: BAYARAN PROJEK | I57: BTM | J57: 100000 | L57: 0 | N57: =L57/K57 -> #DIV/0! | O57: =L57/J57 -> 0 | P57: =L57/M57 -> #DIV/0! | Q57: =J57-L57 -> 100000
A58: KWP | B58: 10120002 | C58: TEKNOLOGI MAKLUMAT-BTM | D58: PT.000054.P07 | E58: PMS 2026 | F58: 5-S/KOMP | G58: B31000 | H58: BAYARAN PROJEK | I58: BTM | J58: 100000 | K58: 20000 | L58: 17280 | N58: =L58/K58 -> 0.864 | O58: =L58/J58 -> 0.1728 | P58: =L58/M58 -> #DIV/0! | Q58: =J58-L58 -> 82720 | V58: =T58/S58 -> #DIV/0! | W58: =T58/J58 -> 0 | X58: =T58/U58 -> #DIV/0! | Y58: =J58-S58 -> 100000
A59: KWP | B59: 10120002 | C59: TEKNOLOGI MAKLUMAT-BTM | D59: PT.000061.P05 | E59: Portal Staf 2026 | F59: 5-S/KOMP | G59: B31000 | H59: BAYARAN PROJEK | I59: BTM | J59: 819000 | L59: 0 | N59: =L59/K59 -> #DIV/0! | O59: =L59/J59 -> 0 | P59: =L59/M59 -> #DIV/0! | Q59: =J59-L59 -> 819000 | V59: =T59/S59 -> #DIV/0! | W59: =T59/J59 -> 0 | X59: =T59/U59 -> #DIV/0! | Y59: =J59-S59 -> 819000
A60: KWP | B60: 10120002 | C60: TEKNOLOGI MAKLUMAT-BTM | D60: PT.000066.P04 | E60: IDEAL 2026 | F60: 5-S/KOMP | G60: B31000 | H60: BAYARAN PROJEK | I60: BTM | J60: 1316000 | K60: 400000 | L60: 395502.74 | N60: =L60/K60 -> 0.98875685 | O60: =L60/J60 -> 0.300534 | P60: =L60/M60 -> #DIV/0! | Q60: =J60-L60 -> 920497.26 | V60: =T60/S60 -> #DIV/0! | W60: =T60/J60 -> 0 | X60: =T60/U60 -> #DIV/0! | Y60: =J60-S60 -> 1316000
A61: KWP | B61: 10120002 | C61: TEKNOLOGI MAKLUMAT-BTM | D61: PT.000067.P04 | E61: ELMS 2026 | F61: 5-S/KOMP | G61: B31000 | H61: BAYARAN PROJEK | I61: BTM | J61: 220000 | L61: 0 | N61: =L61/K61 -> #DIV/0! | O61: =L61/J61 -> 0 | P61: =L61/M61 -> #DIV/0! | Q61: =J61-L61 -> 220000 | V61: =T61/S61 -> #DIV/0! | W61: =T61/J61 -> 0 | X61: =T61/U61 -> #DIV/0! | Y61: =J61-S61 -> 220000
A62: KWP | B62: 10120002 | C62: TEKNOLOGI MAKLUMAT-BTM | D62: PT.000079.P02 | E62: Sistem Repositori Dokumen 2026 | F62: 5-S/KOMP | G62: B31000 | H62: BAYARAN PROJEK | I62: BTM | J62: 450000 | L62: 0 | N62: =L62/K62 -> #DIV/0! | O62: =L62/J62 -> 0 | P62: =L62/M62 -> #DIV/0! | Q62: =J62-L62 -> 450000 | V62: =T62/S62 -> #DIV/0! | W62: =T62/J62 -> 0 | X62: =T62/U62 -> #DIV/0! | Y62: =J62-S62 -> 450000
A63: KWP | B63: 10120002 | C63: TEKNOLOGI MAKLUMAT-BTM | D63: PT.000080.P02 | E63: Sistem Automasi Bangunan CIDB (BAS) 2026 | F63: 5-S/KOMP | G63: B31000 | H63: BAYARAN PROJEK | I63: BTM | J63: 600000 | K63: 500000 | L63: 408647.5 | N63: =L63/K63 -> 0.817295 | O63: =L63/J63 -> 0.68107917 | P63: =L63/M63 -> #DIV/0! | Q63: =J63-L63 -> 191352.5 | V63: =T63/S63 -> #DIV/0! | W63: =T63/J63 -> 0 | X63: =T63/U63 -> #DIV/0! | Y63: =J63-S63 -> 600000
N64: =L64/K64 -> #DIV/0! | O64: =L64/J64 -> #DIV/0! | P64: =L64/M64 -> #DIV/0! | Q64: =J64-L64 -> 0
A65: KWP | B65: 10130005 | C65: KWP-SEKATAN BAJET | E65: KWP-SEKATAN BAJET | G65: A99000 | J65: 9100000 | K65: 0 | L65: 0 | M65: 0 | N65: =L65/K65 -> #DIV/0! | O65: =L65/J65 -> 0 | P65: =L65/M65 -> #DIV/0! | Q65: =J65-L65 -> 9100000
J67: =SUM(J2:J65) -> 91000000 | K67: =SUM(K2:K65) -> 11845000 | L67: =SUM(L2:L65) -> 10539572 | M67: =SUM(M2:M65) -> 5938709.1 | N67: =L67/K67 -> 0.88979083 | O67: =L67/J67 -> 0.11581948 | P67: =L67/M67 -> 1.7747245 | Q67: =J67-L67 -> 80460428 | S67: =SUM(S2:S63) -> 3324400 | T67: =SUM(T2:T63) -> 2755187.8 | U67: =SUM(U2:U63) -> 1042040.8 | V67: =T67/S67 -> 0.82877745 | W67: =T67/J67 -> 0.030276789 | X67: =T67/U67 -> 2.6440306 | Y67: =J67-S67 -> 87675600
L68: 10539572 | M68: 5938709.1
L69: =L68-L67 -> 0 | M69: =M68-M67 -> 0

Sheet B.PROG
A1: SK | B1: KOD | C1: KOD1 | D1: PTJ | E1: PTJ1 | F1: Fund | G1: Funds Center | H1: Funds Center Description | I1: Funded Program | J1: Funded Program Description | K1: BAJET 2026 | L1: BAJET 06-2026 | M1: SEBENAR 06-2026 | N1: AUDITED 06-2025 | O1: PRESTASI 06-2026 | P1: PRESTASI 2026 | Q1: PRESTASI 26 vs 25 | R1: BAKI BAJET 2026 | T1: BAJET 03-2026 | U1: SEBENAR 03-2026 | V1: AUDITED 03-2025 | W1: PRESTASI 03-2026 | X1: PRESTASI 2026 | Y1: PRESTASI 26 vs 25 | Z1: BAKI BAJET 2026
A2: NA-PPUU | B2: NA | C2: 1 | D2: HQ | E2: PPUU | F2: KWI | G2: 10110003 | H2: PEJABAT PENASIHAT UNDANG-UNDANG-PPUU | I2: PI.N0.NA.10110003.01 | J2: Perundangan | K2: 73000 | L2: 0 | M2: 0 | N2: 0 | O2: =M2/L2 -> #DIV/0! | P2: =M2/K2 -> 0 | Q2: =M2/N2 -> #DIV/0! | R2: =K2-M2 -> 73000 | T2: 0 | U2: 0 | V2: 0 | W2: =U2/T2 -> #DIV/0! | X2: =U2/K2 -> 0 | Y2: =U2/V2 -> #DIV/0! | Z2: =K2-T2 -> 73000
A3: AB-BPLV | B3: AB | C3: 1 | D3: HQ | E3: BPLV | F3: KWI | G3: 10130001 | H3: PENGURUSAN LEVI-BPLV | I3: PI.A0.AB.10130001.01 | J3: Pemakluman & Pengenaan Levi | K3: 360900 | L3: 52000 | M3: 50248 | N3: 98010 | O3: =M3/L3 -> 0.96630769 | P3: =M3/K3 -> 0.1392297 | Q3: =M3/N3 -> 0.51268238 | R3: =K3-M3 -> 310652 | T3: 40000 | U3: 37720 | V3: 45927 | W3: =U3/T3 -> 0.943 | X3: =U3/K3 -> 0.10451649 | Y3: =U3/V3 -> 0.82130337 | Z3: =K3-T3 -> 320900
A4: CA-BPGK | B4: CA | C4: 1 | D4: HQ | E4: BPGK | F4: KWI | G4: 10130003 | H4: PENGUATKUASAAN-BPGK | I4: PI.C0.CA.10130003.01 | J4: Pendakwaan/tatatertib | K4: 31500 | L4: 0 | M4: 0 | N4: 0 | O4: =M4/L4 -> #DIV/0! | P4: =M4/K4 -> 0 | Q4: =M4/N4 -> #DIV/0! | R4: =K4-M4 -> 31500 | T4: 0 | U4: 0 | V4: 0 | W4: =U4/T4 -> #DIV/0! | X4: =U4/K4 -> 0 | Y4: =U4/V4 -> #DIV/0! | Z4: =K4-T4 -> 31500
A5: CB-BPGK | B5: CB | C5: 1 | D5: HQ | E5: BPGK | F5: KWI | G5: 10130003 | H5: PENGUATKUASAAN-BPGK | I5: PI.C0.CB.10130003.01 | J5: Pematuhan Akta 520 | K5: 25000 | L5: 0 | M5: 0 | N5: 0 | O5: =M5/L5 -> #DIV/0! | P5: =M5/K5 -> 0 | Q5: =M5/N5 -> #DIV/0! | R5: =K5-M5 -> 25000 | T5: 0 | U5: 0 | V5: 0 | W5: =U5/T5 -> #DIV/0! | X5: =U5/K5 -> 0 | Y5: =U5/V5 -> #DIV/0! | Z5: =K5-T5 -> 25000
A6: BA-BPKB | B6: BA | C6: 2 | D6: HQ | E6: BPKB | F6: KWI | G6: 10130007 | H6: PEMATUHAN KUALITI BAHAN (BPKB) | I6: PI.B0.BA.10130007.02 | J6: Pematuhan Bahan Binaan (QPASS) | K6: 8777100 | L6: 2400000 | M6: 2196736.4 | N6: 1582157.5 | O6: =M6/L6 -> 0.91530683 | P6: =M6/K6 -> 0.25028043 | Q6: =M6/N6 -> 1.3884436 | R6: =K6-M6 -> 6580363.6 | T6: 1100000 | U6: 949624.8 | V6: 799375.4 | W6: =U6/T6 -> 0.86329527 | X6: =U6/K6 -> 0.10819346 | Y6: =U6/V6 -> 1.1879585 | Z6: =K6-T6 -> 7677100
A7: BB-GERAN | B7: BB | C7: 4 | D7: HQ | E7: BPKB | F7: KWI | G7: 10130007 | H7: PEMATUHAN KUALITI BAHAN (BPKB) | I7: PI.B0.BB.10130007.04 | J7: Pendaftaran Bahan Binaan | K7: 240300 | L7: 0 | M7: 0 | N7: 4734440.8 | O7: =M7/L7 -> #DIV/0! | P7: =M7/K7 -> 0 | Q7: =M7/N7 -> 0 | R7: =K7-M7 -> 240300 | T7: 0 | U7: 0 | V7: 0 | W7: =U7/T7 -> #DIV/0! | X7: =U7/K7 -> 0 | Y7: =U7/V7 -> #DIV/0! | Z7: =K7-T7 -> 240300
A8: FA-BPKB | B8: FA | C8: 2 | D8: HQ | E8: BPKB | F8: KWI | G8: 10130007 | H8: PEMATUHAN KUALITI BAHAN (BPKB) | I8: PI.F0.FA.10130007.02 | J8: Alam Sekitar | K8: 214700 | L8: 15000 | M8: 13996.8 | N8: 0 | O8: =M8/L8 -> 0.93312 | P8: =M8/K8 -> 0.065192361 | Q8: =M8/N8 -> #DIV/0! | R8: =K8-M8 -> 200703.2 | T8: 0 | U8: 0 | V8: 0 | W8: =U8/T8 -> #DIV/0! | X8: =U8/K8 -> 0 | Y8: =U8/V8 -> #DIV/0! | Z8: =K8-T8 -> 214700
A9: FB-BPKB | B9: FB | C9: 2 | D9: HQ | E9: BPKB | F9: KWI | G9: 10130007 | H9: PEMATUHAN KUALITI BAHAN (BPKB) | I9: PI.F0.FB.10130007.02 | J9: Kualiti | K9: 896000 | L9: 52000 | M9: 50112 | N9: 15120 | O9: =M9/L9 -> 0.96369231 | P9: =M9/K9 -> 0.055928571 | Q9: =M9/N9 -> 3.3142857 | R9: =K9-M9 -> 845888 | T9: 0 | U9: 0 | V9: 15120 | W9: =U9/T9 -> #DIV/0! | X9: =U9/K9 -> 0 | Y9: =U9/V9 -> 0 | Z9: =K9-T9 -> 896000
A10: FC-BPKB | B10: FC | C10: 2 | D10: HQ | E10: BPKB | F10: KWI | G10: 10130007 | H10: PEMATUHAN KUALITI BAHAN (BPKB) | I10: PI.F0.FC.10130007.02 | J10: Keselamatan | K10: 130000 | L10: 40000 | M10: 38070 | N10: 5076 | O10: =M10/L10 -> 0.95175 | P10: =M10/K10 -> 0.29284615 | Q10: =M10/N10 -> 7.5 | R10: =K10-M10 -> 91930 | T10: 0 | U10: 0 | V10: 2538 | W10: =U10/T10 -> #DIV/0! | X10: =U10/K10 -> 0 | Y10: =U10/V10 -> 0 | Z10: =K10-T10 -> 130000
A11: EA-BPT | B11: EA | C11: 2 | D11: HQ | E11: BPT | F11: KWI | G11: 10140007 | H11: PEMBANGUNAN TEKNOLOGI (BPT) | I11: PI.E0.EA.10140007.02 | J11: IBS | K11: 3281000 | L11: 900000 | M11: =783523.36+53380.29 -> 836903.65 | N11: 763405.94 | O11: =M11/L11 -> 0.92989294 | P11: =M11/K11 -> 0.25507578 | Q11: =M11/N11 -> 1.0962761 | R11: =K11-M11 -> 2444096.4 | T11: 400000 | U11: 351182.02 | V11: 3018.6 | W11: =U11/T11 -> 0.87795505 | X11: =U11/K11 -> 0.10703506 | Y11: =U11/V11 -> 116.33937 | Z11: =K11-T11 -> 2881000
A12: EC-BPT | B12: EC | C12: 2 | D12: HQ | E12: BPT | F12: KWI | G12: 10140007 | H12: PEMBANGUNAN TEKNOLOGI (BPT) | I12: PI.E0.EC.10140007.02 | J12: ICT | K12: 4810000 | L12: 500000 | M12: 497623.6 | N12: 1260543.1 | O12: =M12/L12 -> 0.9952472 | P12: =M12/K12 -> 0.10345605 | Q12: =M12/N12 -> 0.39476919 | R12: =K12-M12 -> 4312376.4 | T12: 180000 | U12: 148904.42 | V12: 293444.01 | W12: =U12/T12 -> 0.82724678 | X12: =U12/K12 -> 0.03095726 | Y12: =U12/V12 -> 0.50743725 | Z12: =K12-T12 -> 4630000
A13: FB-BPT | B13: FB | C13: 2 | D13: HQ | E13: BPT | F13: KWI | G13: 10140007 | H13: PEMBANGUNAN TEKNOLOGI (BPT) | I13: PI.F0.FB.10140007.02 | J13: Kualiti | K13: 630000 | L13: 40000 | M13: 38942.66 | N13: 0 | O13: =M13/L13 -> 0.9735665 | P13: =M13/K13 -> 0.061813746 | Q13: =M13/N13 -> #DIV/0! | R13: =K13-M13 -> 591057.34 | T13: 20000 | U13: 18432.11 | V13: 0 | W13: =U13/T13 -> 0.9216055 | X13: =U13/K13 -> 0.029257317 | Y13: =U13/V13 -> #DIV/0! | Z13: =K13-T13 -> 610000
A14: FC-BPT | B14: FC | C14: 2 | D14: HQ | E14: BPT | F14: KWI | G14: 10140007 | H14: PEMBANGUNAN TEKNOLOGI (BPT) | I14: PI.F0.FC.10140007.02 | J14: Keselamatan | K14: 150000 | L14: 900 | M14: 844.2 | N14: 5000 | O14: =M14/L14 -> 0.938 | P14: =M14/K14 -> 0.005628 | Q14: =M14/N14 -> 0.16884 | R14: =K14-M14 -> 149155.8 | T14: 1000 | U14: 400 | V14: 5000 | W14: =U14/T14 -> 0.4 | X14: =U14/K14 -> 0.0026666667 | Y14: =U14/V14 -> 0.08 | Z14: =K14-T14 -> 149000
A15: FD-BPT | B15: FD | C15: 2 | D15: HQ | E15: BPT | F15: KWI | G15: 10140007 | H15: PEMBANGUNAN TEKNOLOGI (BPT) | I15: PI.F0.FD.10140007.02 | J15: Standard | K15: 140000 | L15: 12500 | M15: 12086.4 | N15: 6535.4 | O15: =M15/L15 -> 0.966912 | P15: =M15/K15 -> 0.086331429 | Q15: =M15/N15 -> 1.8493742 | R15: =K15-M15 -> 127913.6 | T15: 0 | U15: 0 | V15: 245 | W15: =U15/T15 -> #DIV/0! | X15: =U15/K15 -> 0 | Y15: =U15/V15 -> 0 | Z15: =K15-T15 -> 140000
A16: FA-BPS | B16: FA | C16: 2 | D16: HQ | E16: BPS | F16: KWI | G16: 10140008 | H16: PERSEKITARAN BISNES (BPS) | I16: PI.F0.FA.10140008.02 | J16: Alam Sekitar | K16: 340000 | L16: 0 | M16: 0 | N16: 490128 | O16: =M16/L16 -> #DIV/0! | P16: =M16/K16 -> 0 | Q16: =M16/N16 -> 0 | R16: =K16-M16 -> 340000 | T16: 0 | U16: 0 | V16: 0 | W16: =U16/T16 -> #DIV/0! | X16: =U16/K16 -> 0 | Y16: =U16/V16 -> #DIV/0! | Z16: =K16-T16 -> 340000
A17: KB-BPS | B17: KB | C17: 2 | D17: HQ | E17: BPS | F17: KWI | G17: 10140008 | H17: PERSEKITARAN BISNES (BPS) | I17: PI.K0.KB.10140008.02 | J17: National Construction Cost Centre (N3C) | K17: 1241000 | L17: 165000 | M17: 161656.94 | N17: 555935.87 | O17: =M17/L17 -> 0.97973903 | P17: =M17/K17 -> 0.13026345 | Q17: =M17/N17 -> 0.29078343 | R17: =K17-M17 -> 1079343.1 | T17: 120000 | U17: 98872.98 | V17: 232050.32 | W17: =U17/T17 -> 0.8239415 | X17: =U17/K17 -> 0.079672023 | Y17: =U17/V17 -> 0.42608422 | Z17: =K17-T17 -> 1121000
A18: KD-BPS | B18: KD | C18: 1 | D18: HQ | E18: BPS | F18: KWI | G18: 10140008 | H18: PERSEKITARAN BISNES (BPS) | I18: PI.K0.KD.10140008.01 | J18: PerForm | K18: 708000 | L18: 190000 | M18: 182909.23 | N18: 118135.97 | O18: =M18/L18 -> 0.96268016 | P18: =M18/K18 -> 0.25834637 | Q18: =M18/N18 -> 1.5482941 | R18: =K18-M18 -> 525090.77 | T18: 18000 | U18: 16848 | V18: 584 | W18: =U18/T18 -> 0.936 | X18: =U18/K18 -> 0.02379661 | Y18: =U18/V18 -> 28.849315 | Z18: =K18-T18 -> 690000
A19: KF-BPS | B19: KF | C19: 2 | D19: HQ | E19: BPS | F19: KWI | G19: 10140008 | H19: PERSEKITARAN BISNES (BPS) | I19: PI.K0.KF.10140008.02 | J19: Pemasaran Eksport Perkhidmatan Binaan | K19: 2147000 | L19: 74000 | M19: 72736 | N19: 2597904.2 | O19: =M19/L19 -> 0.98291892 | P19: =M19/K19 -> 0.033877969 | Q19: =M19/N19 -> 0.027997953 | R19: =K19-M19 -> 2074264 | T19: 0 | U19: 0 | V19: 184.2 | W19: =U19/T19 -> #DIV/0! | X19: =U19/K19 -> 0 | Y19: =U19/V19 -> 0 | Z19: =K19-T19 -> 2147000
A20: KF-BPS | B20: KF | C20: 5 | D20: HQ | E20: BPS | F20: KWI | G20: 10140008 | H20: PERSEKITARAN BISNES (BPS) | I20: PI.K0.KF.10140008.05 | J20: Pemasaran Eksport Perkhidmatan Binaan | K20: 0 | L20: 0 | M20: 0 | N20: 1000000 | O20: =M20/L20 -> #DIV/0! | P20: =M20/K20 -> #DIV/0! | Q20: =M20/N20 -> 0 | R20: =K20-M20 -> 0
A21: AA-BPKPB | B21: AA | C21: 1 | D21: HQ | E21: BPKPB | F21: KWI | G21: 10150008 | H21: PDFTRN KONTRAKTOR&PERSONEL BINAAN-BPKPB | I21: PI.A0.AA.10150008.01 | J21: Pendaftaran Kontraktor | K21: 1559400 | L21: 450000 | M21: 443104.6 | N21: 206055 | O21: =M21/L21 -> 0.98467689 | P21: =M21/K21 -> 0.2841507 | Q21: =M21/N21 -> 2.1504191 | R21: =K21-M21 -> 1116295.4 | T21: 23000 | U21: 19356.6 | V21: 97455 | W21: =U21/T21 -> 0.8415913 | X21: =U21/K21 -> 0.012412851 | Y21: =U21/V21 -> 0.1986209 | Z21: =K21-T21 -> 1536400
A22: DA-BPKPB | B22: DA | C22: 1 | D22: HQ | E22: BPKPB | F22: KWI | G22: 10150008 | H22: PDFTRN KONTRAKTOR&PERSONEL BINAAN-BPKPB | I22: PI.D0.DA.10150008.01 | J22: Perlindungan Takaful Personel Binaan | K22: 12070000 | L22: 5500000 | M22: 4710742 | N22: 2834522.6 | O22: =M22/L22 -> 0.85649855 | P22: =M22/K22 -> 0.39028517 | Q22: =M22/N22 -> 1.6619172 | R22: =K22-M22 -> 7359258 | T22: 900000 | U22: 861297.84 | V22: 658484.86 | W22: =U22/T22 -> 0.9569976 | X22: =U22/K22 -> 0.071358562 | Y22: =U22/V22 -> 1.3079995 | Z22: =K22-T22 -> 11170000
A23: DB-BPKPB | B23: DB | C23: 1 | D23: HQ | E23: BPKPB | F23: KWI | G23: 10150008 | H23: PDFTRN KONTRAKTOR&PERSONEL BINAAN-BPKPB | I23: PI.D0.DB.10150008.01 | J23: Pendaftaran Personel Binaan | K23: 22162700 | L23: 6287500 | M23: 5464570.1 | N23: 3938709.7 | O23: =M23/L23 -> 0.86911652 | P23: =M23/K23 -> 0.24656608 | Q23: =M23/N23 -> 1.3874011 | R23: =K23-M23 -> 16698130 | T23: 2300000 | U23: 2107916.6 | V23: 1678040 | W23: =U23/T23 -> 0.91648549 | X23: =U23/K23 -> 0.095111003 | Y23: =U23/V23 -> 1.2561778 | Z23: =K23-T23 -> 19862700
A24: EA-BLA | B24: EA | C24: 2 | D24: HQ | E24: BLA | F24: KWI | G24: 10150009 | H24: LATIHAN & AKREDITASI (BLA) | I24: PI.E0.EA.10150009.02 | J24: IBS | K24: 930000 | L24: 420000 | M24: 402500 | N24: 366500 | O24: =M24/L24 -> 0.95833333 | P24: =M24/K24 -> 0.4327957 | Q24: =M24/N24 -> 1.0982265 | R24: =K24-M24 -> 527500 | T24: 190000 | U24: 175200 | V24: 195000 | W24: =U24/T24 -> 0.92210526 | X24: =U24/K24 -> 0.1883871 | Y24: =U24/V24 -> 0.89846154 | Z24: =K24-T24 -> 740000
A25: EC-BLA | B25: EC | C25: 2 | D25: HQ | E25: BLA | F25: KWI | G25: 10150009 | H25: LATIHAN & AKREDITASI (BLA) | I25: PI.E0.EC.10150009.02 | J25: ICT | K25: 4550000 | L25: 1100000 | M25: 1084000 | N25: 914000 | O25: =M25/L25 -> 0.98545455 | P25: =M25/K25 -> 0.23824176 | Q25: =M25/N25 -> 1.1859956 | R25: =K25-M25 -> 3466000 | T25: 550000 | U25: 468000 | V25: 752000 | W25: =U25/T25 -> 0.85090909 | X25: =U25/K25 -> 0.10285714 | Y25: =U25/V25 -> 0.62234043 | Z25: =K25-T25 -> 4000000
A26: GD-BLA | B26: GD | C26: 2 | D26: HQ | E26: BLA | F26: KWI | G26: 10150009 | H26: LATIHAN & AKREDITASI (BLA) | I26: PI.G0.GD.10150009.02 | J26: Latihan Kontraktor Pakar | K26: 3600000 | L26: 2600000 | M26: 2512040 | N26: 1406160 | O26: =M26/L26 -> 0.96616923 | P26: =M26/K26 -> 0.69778889 | Q26: =M26/N26 -> 1.7864539 | R26: =K26-M26 -> 1087960 | T26: 1200000 | U26: 978240 | V26: 846000 | W26: =U26/T26 -> 0.8152 | X26: =U26/K26 -> 0.27173333 | Y26: =U26/V26 -> 1.1563121 | Z26: =K26-T26 -> 2400000
A27: GE-BLA | B27: GE | C27: 2 | D27: HQ | E27: BLA | F27: KWI | G27: 10150009 | H27: LATIHAN & AKREDITASI (BLA) | I27: PI.G0.GE.10150009.02 | J27: Peningkatan Kapasiti & Kapabiliti Kontra | K27: 10000 | L27: 0 | M27: 0 | N27: 0 | O27: =M27/L27 -> #DIV/0! | P27: =M27/K27 -> 0 | Q27: =M27/N27 -> #DIV/0! | R27: =K27-M27 -> 10000 | T27: 0 | U27: 0 | V27: 0 | W27: =U27/T27 -> #DIV/0! | X27: =U27/K27 -> 0 | Y27: =U27/V27 -> #DIV/0! | Z27: =K27-T27 -> 10000
A28: HC-BLA | B28: HC | C28: 2 | D28: HQ | E28: BLA | F28: KWI | G28: 10150009 | H28: LATIHAN & AKREDITASI (BLA) | I28: PI.H0.HC.10150009.02 | J28: Latihan Kemahiran | K28: 59147400 | L28: 32000000 | M28: 31155208 | N28: 31797386 | O28: =M28/L28 -> 0.97360024 | P28: =M28/K28 -> 0.52673842 | Q28: =M28/N28 -> 0.97980406 | R28: =K28-M28 -> 27992192 | T28: 16000000 | U28: 15081984 | V28: 15948234 | W28: =U28/T28 -> 0.94262399 | X28: =U28/K28 -> 0.2549898 | Y28: =U28/V28 -> 0.94568366 | Z28: =K28-T28 -> 43147400
A29: HC-BLA | B29: HC | C29: 3 | D29: HQ | E29: BLA | F29: KWI | G29: 10150009 | H29: LATIHAN & AKREDITASI (BLA) | I29: PI.H0.HC.10150009.03 | J29: Latihan Kemahiran | K29: 5805000 | L29: 1350000 | M29: 1305797.3 | N29: 3855911.6 | O29: =M29/L29 -> 0.96725724 | P29: =M29/K29 -> 0.22494355 | Q29: =M29/N29 -> 0.33864813 | R29: =K29-M29 -> 4499202.7 | T29: 1000000 | U29: 820565.24 | V29: 36102 | W29: =U29/T29 -> 0.82056524 | X29: =U29/K29 -> 0.14135491 | Y29: =U29/V29 -> 22.72908 | Z29: =K29-T29 -> 4805000
A30: HD-BLA | B30: HD | C30: 1 | D30: HQ | E30: BLA | F30: KWI | G30: 10150009 | H30: LATIHAN & AKREDITASI (BLA) | I30: PI.H0.HD.10150009.01 | J30: Penilaian Kemahiran | K30: 2277000 | L30: 1600000 | M30: =1335849.33+167150.67 -> 1503000 | N30: 0 | O30: =M30/L30 -> 0.939375 | P30: =M30/K30 -> 0.66007905 | Q30: =M30/N30 -> #DIV/0! | R30: =K30-M30 -> 774000 | T30: 900000 | U30: 821428.1 | V30: 0 | W30: =U30/T30 -> 0.91269789 | X30: =U30/K30 -> 0.36075015 | Y30: =U30/V30 -> #DIV/0! | Z30: =K30-T30 -> 1377000
A31: IA-BLA | B31: IA | C31: 2 | D31: HQ | E31: BLA | F31: KWI | G31: 10150009 | H31: LATIHAN & AKREDITASI (BLA) | I31: PI.I0.IA.10150009.02 | J31: Penilaian Penyeliaan & Pengurusan | K31: 1325600 | L31: 530000 | M31: 502989.18 | N31: =122585.01+2980 -> 125565.01 | O31: =M31/L31 -> 0.94903619 | P31: =M31/K31 -> 0.37944265 | Q31: =M31/N31 -> 4.0058069 | R31: =K31-M31 -> 822610.82 | T31: 210000 | U31: 189346.06 | V31: =56300.45+2980 -> 59280.45 | W31: =U31/T31 -> 0.9016479 | X31: =U31/K31 -> 0.14283801 | Y31: =U31/V31 -> 3.1940726 | Z31: =K31-T31 -> 1115600
A32: IC-BLA | B32: IC | C32: 1 | D32: HQ | E32: BLA | F32: KWI | G32: 10150009 | H32: LATIHAN & AKREDITASI (BLA) | I32: PI.I0.IC.10150009.01 | J32: Penjenamaan Industri | K32: 1165000 | L32: 220000 | M32: =106095.85+106819.15 -> 212915 | N32: 109939.8 | O32: =M32/L32 -> 0.96779545 | P32: =M32/K32 -> 0.18275966 | Q32: =M32/N32 -> 1.9366508 | R32: =K32-M32 -> 952085 | T32: 0 | U32: 0 | V32: 53100.73 | W32: =U32/T32 -> #DIV/0! | X32: =U32/K32 -> 0 | Y32: =U32/V32 -> 0 | Z32: =K32-T32 -> 1165000
A33: IE-BLA | B33: IE | C33: 1 | D33: HQ | E33: BLA | F33: KWI | G33: 10150009 | H33: LATIHAN & AKREDITASI (BLA) | I33: PI.I0.IE.10150009.01 | J33: Pentauliahan & Pemantauan PLB | K33: 50000 | L33: 3500 | M33: 3361.02 | N33: 10379.47 | O33: =M33/L33 -> 0.96029143 | P33: =M33/K33 -> 0.0672204 | Q33: =M33/N33 -> 0.32381422 | R33: =K33-M33 -> 46638.98 | T33: 3000 | U33: 2630.6 | V33: 414.6 | W33: =U33/T33 -> 0.87686667 | X33: =U33/K33 -> 0.052612 | Y33: =U33/V33 -> 6.3449108 | Z33: =K33-T33 -> 47000
A34: JA-BSTU | B34: JA | C34: 1 | D34: HQ | E34: BSTU | F34: KWI | G34: 10160001 | H34: DASAR STRATEGI & TADBIR URUS-BSTU | I34: PI.J0.JA.10160001.01 | J34: Corporate Governance | K34: 27500 | L34: 2300 | M34: 2222.08 | N34: 25630 | O34: =M34/L34 -> 0.96612174 | P34: =M34/K34 -> 0.080802909 | Q34: =M34/N34 -> 0.0866984 | R34: =K34-M34 -> 25277.92 | T34: 0 | U34: 0 | V34: 25630 | W34: =U34/T34 -> #DIV/0! | X34: =U34/K34 -> 0 | Y34: =U34/V34 -> 0 | Z34: =K34-T34 -> 27500
A35: JC-BSTU | B35: JC | C35: 1 | D35: HQ | E35: BSTU | F35: KWI | G35: 10160001 | H35: DASAR STRATEGI & TADBIR URUS-BSTU | I35: PI.J0.JC.10160001.01 | J35: CSP | K35: 418000 | L35: 130000 | M35: 129176.31 | N35: 3455 | O35: =M35/L35 -> 0.99366392 | P35: =M35/K35 -> 0.30903423 | Q35: =M35/N35 -> 37.388223 | R35: =K35-M35 -> 288823.69 | T35: 110000 | U35: 97226 | V35: 0 | W35: =U35/T35 -> 0.88387273 | X35: =U35/K35 -> 0.23259809 | Y35: =U35/V35 -> #DIV/0! | Z35: =K35-T35 -> 308000
A36: FC-BKK | B36: FC | C36: 2 | D36: HQ | E36: BKK | F36: KWI | G36: 10160003 | H36: KOMUNIKASI KORPORAT-BKK | I36: PI.F0.FC.10160003.02 | J36: Keselamatan | K36: 0 | L36: 0 | M36: 0 | N36: 0 | O36: =M36/L36 -> #DIV/0! | P36: =M36/K36 -> #DIV/0! | Q36: =M36/N36 -> #DIV/0! | R36: =K36-M36 -> 0 | T36: 0 | U36: 0 | V36: 0 | W36: =U36/T36 -> #DIV/0! | X36: =U36/K36 -> #DIV/0! | Y36: =U36/V36 -> #DIV/0! | Z36: =K36-T36 -> 0
A37: LA-BKK | B37: LA | C37: 1 | D37: HQ | E37: BKK | F37: KWI | G37: 10160003 | H37: KOMUNIKASI KORPORAT-BKK | I37: PI.L0.LA.10160003.01 | J37: Media Relations | K37: 1436500 | L37: 400000 | M37: 396810 | N37: 283721.4 | O37: =M37/L37 -> 0.992025 | P37: =M37/K37 -> 0.2762339 | Q37: =M37/N37 -> 1.3985903 | R37: =K37-M37 -> 1039690 | T37: 100000 | U37: 83230 | V37: 63574.4 | W37: =U37/T37 -> 0.8323 | X37: =U37/K37 -> 0.057939436 | Y37: =U37/V37 -> 1.3091748 | Z37: =K37-T37 -> 1336500
A38: LB-BKK | B38: LB | C38: 1 | D38: HQ | E38: BKK | F38: KWI | G38: 10160003 | H38: KOMUNIKASI KORPORAT-BKK | I38: PI.L0.LB.10160003.01 | J38: Corporate Stakeholder Relation | K38: 368600 | L38: 54000 | M38: 52788 | N38: 48868 | O38: =M38/L38 -> 0.97755556 | P38: =M38/K38 -> 0.14321215 | Q38: =M38/N38 -> 1.0802161 | R38: =K38-M38 -> 315812 | T38: 17000 | U38: 13888 | V38: 16980 | W38: =U38/T38 -> 0.81694118 | X38: =U38/K38 -> 0.037677699 | Y38: =U38/V38 -> 0.81790342 | Z38: =K38-T38 -> 351600
A39: LC-BKK | B39: LC | C39: 1 | D39: HQ | E39: BKK | F39: KWI | G39: 10160003 | H39: KOMUNIKASI KORPORAT-BKK | I39: PI.L0.LC.10160003.01 | J39: Corporate Event Management | K39: 5417000 | L39: 1700000 | M39: 1648348 | N39: 1246746.8 | O39: =M39/L39 -> 0.96961647 | P39: =M39/K39 -> 0.30429167 | Q39: =M39/N39 -> 1.3221193 | R39: =K39-M39 -> 3768652 | T39: 40000 | U39: 34240 | V39: 242713.5 | W39: =U39/T39 -> 0.856 | X39: =U39/K39 -> 0.0063208418 | Y39: =U39/V39 -> 0.14107168 | Z39: =K39-T39 -> 5377000
A40: LD-BKK | B40: LD | C40: 1 | D40: HQ | E40: BKK | F40: KWI | G40: 10160003 | H40: KOMUNIKASI KORPORAT-BKK | I40: PI.L0.LD.10160003.01 | J40: Corporate Branding | K40: 4296000 | L40: 1200000 | M40: 1155044.3 | N40: 868616.69 | O40: =M40/L40 -> 0.96253694 | P40: =M40/K40 -> 0.26886507 | Q40: =M40/N40 -> 1.3297515 | R40: =K40-M40 -> 3140955.7 | T40: 500000 | U40: 435327.8 | V40: 116731 | W40: =U40/T40 -> 0.8706556 | X40: =U40/K40 -> 0.10133329 | Y40: =U40/V40 -> 3.7293247 | Z40: =K40-T40 -> 3796000
A41: HA-BPB | B41: HA | C41: 2 | D41: HQ | E41: BPB | F41: KWI | G41: 10170003 | H41: PEMBANGUNAN PERSONEL BINAAN (BPB) | I41: PI.H0.HA.10170003.02 | J41: NOSS/COS/Modul | K41: 8639800 | L41: 1800000 | M41: 1707268.7 | N41: 707213.49 | O41: =M41/L41 -> 0.94848263 | P41: =M41/K41 -> 0.19760512 | Q41: =M41/N41 -> 2.4140783 | R41: =K41-M41 -> 6932531.3 | T41: 550000 | U41: 466725.5 | V41: 72059.1 | W41: =U41/T41 -> 0.84859182 | X41: =U41/K41 -> 0.054020406 | Y41: =U41/V41 -> 6.4769821 | Z41: =K41-T41 -> 8089800
A42: HB-BPB | B42: HB | C42: 2 | D42: HQ | E42: BPB | F42: KWI | G42: 10170003 | H42: PEMBANGUNAN PERSONEL BINAAN (BPB) | I42: PI.H0.HB.10170003.02 | J42: Tenaga Pengajar personel Binaan | K42: 601200 | L42: 50000 | M42: 48640 | N42: 116547.38 | O42: =M42/L42 -> 0.9728 | P42: =M42/K42 -> 0.080904857 | Q42: =M42/N42 -> 0.417341 | R42: =K42-M42 -> 552560 | T42: 60000 | U42: 48640 | V42: 22984 | W42: =U42/T42 -> 0.81066667 | X42: =U42/K42 -> 0.080904857 | Y42: =U42/V42 -> 2.1162548 | Z42: =K42-T42 -> 541200
A43: HB-GERAN | B43: HB | C43: 4 | D43: HQ | E43: BPB | F43: KWI | G43: 10170003 | H43: PEMBANGUNAN PERSONEL BINAAN (BPB) | I43: PI.H0.HB.10170003.04 | J43: Tenaga Pengajar personel Binaan | K43: 250000 | L43: 35000 | M43: 33517.34 | N43: 133406.71 | O43: =M43/L43 -> 0.95763829 | P43: =M43/K43 -> 0.13406936 | Q43: =M43/N43 -> 0.25124179 | R43: =K43-M43 -> 216482.66 | T43: 0 | U43: 0 | V43: 0 | W43: =U43/T43 -> #DIV/0! | X43: =U43/K43 -> 0 | Y43: =U43/V43 -> #DIV/0! | Z43: =K43-T43 -> 250000
A44: AA-BPK | B44: AA | C44: 1 | D44: HQ | E44: BPK | F44: KWI | G44: 10170004 | H44: PEMBANGUNAN KONTRAKTOR (BPK) | I44: PI.A0.AA.10170004.01 | J44: Pendaftaran Kontraktor | K44: 1730000 | L44: 190000 | M44: =137075.81+48571.43 -> 185647.24 | N44: 28100 | O44: =M44/L44 -> 0.97709074 | P44: =M44/K44 -> 0.10731054 | Q44: =M44/N44 -> 6.6066633 | R44: =K44-M44 -> 1544352.8 | T44: 55000 | U44: 47386.26 | V44: 0 | W44: =U44/T44 -> 0.86156836 | X44: =U44/K44 -> 0.027390902 | Y44: =U44/V44 -> #DIV/0! | Z44: =K44-T44 -> 1675000
A45: AC-BPK | B45: AC | C45: 1 | D45: HQ | E45: BPK | F45: KWI | G45: 10170004 | H45: PEMBANGUNAN KONTRAKTOR (BPK) | I45: PI.A0.AC.10170004.01 | J45: Penilaian Prestasi Kontraktor | K45: 91900 | L45: 0 | M45: 0 | N45: 0 | O45: =M45/L45 -> #DIV/0! | P45: =M45/K45 -> 0 | Q45: =M45/N45 -> #DIV/0! | R45: =K45-M45 -> 91900 | T45: 0 | U45: 0 | V45: 0 | W45: =U45/T45 -> #DIV/0! | X45: =U45/K45 -> 0 | Y45: =U45/V45 -> #DIV/0! | Z45: =K45-T45 -> 91900
A46: GB-BPK | B46: GB | C46: 2 | D46: HQ | E46: BPK | F46: KWI | G46: 10170004 | H46: PEMBANGUNAN KONTRAKTOR (BPK) | I46: PI.G0.GB.10170004.02 | J46: Modul Latihan Kontraktor | K46: 4450000 | L46: 1500000 | M46: =1424819.58+52010.41 -> 1476830 | N46: 767451.52 | O46: =M46/L46 -> 0.98455333 | P46: =M46/K46 -> 0.33187191 | Q46: =M46/N46 -> 1.92433 | R46: =K46-M46 -> 2973170 | T46: 145000 | U46: 119788.6 | V46: 24763.66 | W46: =U46/T46 -> 0.82612828 | X46: =U46/K46 -> 0.026918787 | Y46: =U46/V46 -> 4.8372737 | Z46: =K46-T46 -> 4305000
A47: GD-BPK | B47: GD | C47: 2 | D47: HQ | E47: BPK | F47: KWI | G47: 10170004 | H47: PEMBANGUNAN KONTRAKTOR (BPK) | I47: PI.G0.GD.10170004.02 | J47: Latihan Kontraktor Pakar | K47: 4734000 | L47: 950000 | M47: =710539.93+175080.39 -> 885620.32 | N47: 363392.63 | O47: =M47/L47 -> 0.93223192 | P47: =M47/K47 -> 0.18707654 | Q47: =M47/N47 -> 2.4370894 | R47: =K47-M47 -> 3848379.7 | T47: 30000 | U47: 25500 | V47: 54000 | W47: =U47/T47 -> 0.85 | X47: =U47/K47 -> 0.0053865653 | Y47: =U47/V47 -> 0.47222222 | Z47: =K47-T47 -> 4704000
A48: GD-GERAN | B48: GD | C48: 4 | D48: HQ | E48: BPK | F48: KWI | G48: 10170004 | H48: PEMBANGUNAN KONTRAKTOR (BPK) | I48: PI.G0.GD.10170004.04 | J48: Latihan Kontraktor Pakar | K48: 0 | L48: 0 | M48: 0 | N48: 527978.02 | O48: =M48/L48 -> #DIV/0! | P48: =M48/K48 -> #DIV/0! | Q48: =M48/N48 -> 0 | R48: =K48-M48 -> 0 | T48: 0 | U48: 0 | V48: 527978.02 | W48: =U48/T48 -> #DIV/0! | X48: =U48/K48 -> #DIV/0! | Y48: =U48/V48 -> 0 | Z48: =K48-T48 -> 0
A49: GE-BPK | B49: GE | C49: 2 | D49: HQ | E49: BPK | F49: KWI | G49: 10170004 | H49: PEMBANGUNAN KONTRAKTOR (BPK) | I49: PI.G0.GE.10170004.02 | J49: Peningkatan Kapasiti & Kapabiliti Kontra | K49: 2540000 | L49: 850000 | M49: =695047.39+121575.23 -> 816622.62 | N49: 1022343.8 | O49: =M49/L49 -> 0.96073249 | P49: =M49/K49 -> 0.32150497 | Q49: =M49/N49 -> 0.79877494 | R49: =K49-M49 -> 1723377.4 | T49: 280000 | U49: 243785.35 | V49: 0 | W49: =U49/T49 -> 0.87066196 | X49: =U49/K49 -> 0.095978484 | Y49: =U49/V49 -> #DIV/0! | Z49: =K49-T49 -> 2260000
A50: AA-BPKPB | B50: AA | C50: 1 | D50: NG | E50: PL | F50: KWI | G50: 10200001 | H50: PL-PERLIS | I50: PI.A0.AA.10200001.01 | J50: Pendaftaran Kontraktor | K50: 2000 | L50: 0 | M50: 0 | N50: 650 | O50: =M50/L50 -> #DIV/0! | P50: =M50/K50 -> 0 | Q50: =M50/N50 -> 0 | R50: =K50-M50 -> 2000 | T50: 0 | U50: 0 | V50: 650 | W50: =U50/T50 -> #DIV/0! | X50: =U50/K50 -> 0 | Y50: =U50/V50 -> 0 | Z50: =K50-T50 -> 2000
A51: CA-BPGK | B51: CA | C51: 1 | D51: NG | E51: PL | F51: KWI | G51: 10200001 | H51: PL-PERLIS | I51: PI.C0.CA.10200001.01 | J51: Pendakwaan/tatatertib | K51: 20000 | L51: 4300 | M51: 4256 | N51: 1753.9 | O51: =M51/L51 -> 0.98976744 | P51: =M51/K51 -> 0.2128 | Q51: =M51/N51 -> 2.4265922 | R51: =K51-M51 -> 15744 | T51: 3000 | U51: 2721 | V51: 1753.9 | W51: =U51/T51 -> 0.907 | X51: =U51/K51 -> 0.13605 | Y51: =U51/V51 -> 1.5513997 | Z51: =K51-T51 -> 17000
A52: CB-BPGK | B52: CB | C52: 1 | D52: NG | E52: PL | F52: KWI | G52: 10200001 | H52: PL-PERLIS | I52: PI.C0.CB.10200001.01 | J52: Pematuhan Akta 520 | K52: 32500 | L52: 4500 | M52: 3986.3 | N52: 21019 | O52: =M52/L52 -> 0.88584444 | P52: =M52/K52 -> 0.12265538 | Q52: =M52/N52 -> 0.18965222 | R52: =K52-M52 -> 28513.7 | T52: 4500 | U52: 3986.3 | V52: 6413.7 | W52: =U52/T52 -> 0.88584444 | X52: =U52/K52 -> 0.12265538 | Y52: =U52/V52 -> 0.62152891 | Z52: =K52-T52 -> 28000
A53: GE-BLA | B53: GE | C53: 2 | D53: NG | E53: PL | F53: KWI | G53: 10200001 | H53: PL-PERLIS | I53: PI.G0.GE.10200001.02 | J53: Peningkatan Kapasiti & Kapabiliti Kontra | K53: 15000 | L53: 3400 | M53: 3238.95 | N53: 552.5 | O53: =M53/L53 -> 0.95263235 | P53: =M53/K53 -> 0.21593 | Q53: =M53/N53 -> 5.8623529 | R53: =K53-M53 -> 11761.05 | T53: 0 | U53: 0 | V53: 425 | W53: =U53/T53 -> #DIV/0! | X53: =U53/K53 -> 0 | Y53: =U53/V53 -> 0 | Z53: =K53-T53 -> 15000
A54: HD-BLA | B54: HD | C54: 1 | D54: NG | E54: PL | F54: KWI | G54: 10200001 | H54: PL-PERLIS | I54: PI.H0.HD.10200001.01 | J54: Penilaian Kemahiran | K54: 520500 | L54: 410000 | M54: 404514 | N54: 180921.6 | O54: =M54/L54 -> 0.98661951 | P54: =M54/K54 -> 0.77716427 | Q54: =M54/N54 -> 2.2358524 | R54: =K54-M54 -> 115986 | T54: 155000 | U54: 149148 | V54: 154450.8 | W54: =U54/T54 -> 0.96224516 | X54: =U54/K54 -> 0.28654755 | Y54: =U54/V54 -> 0.96566674 | Z54: =K54-T54 -> 365500
A55: IA-BLA | B55: IA | C55: 2 | D55: NG | E55: PL | F55: KWI | G55: 10200001 | H55: PL-PERLIS | I55: PI.I0.IA.10200001.02 | J55: Latihan Penyeliaan & Pengurusan | K55: 22900 | L55: 4000 | M55: 3997 | N55: 6461.21 | O55: =M55/L55 -> 0.99925 | P55: =M55/K55 -> 0.17454148 | Q55: =M55/N55 -> 0.61861478 | R55: =K55-M55 -> 18903 | T55: 4500 | U55: 3997 | V55: 0 | W55: =U55/T55 -> 0.88822222 | X55: =U55/K55 -> 0.17454148 | Y55: =U55/V55 -> #DIV/0! | Z55: =K55-T55 -> 18400
A56: AA-BPKPB | B56: AA | C56: 1 | D56: NG | E56: KD | F56: KWI | G56: 10200002 | H56: KD-KEDAH | I56: PI.A0.AA.10200002.01 | J56: Pendaftaran Kontraktor | K56: 14700 | L56: 0 | M56: 0 | N56: 0 | O56: =M56/L56 -> #DIV/0! | P56: =M56/K56 -> 0 | Q56: =M56/N56 -> #DIV/0! | R56: =K56-M56 -> 14700 | T56: 0 | U56: 0 | V56: 0 | W56: =U56/T56 -> #DIV/0! | X56: =U56/K56 -> 0 | Y56: =U56/V56 -> #DIV/0! | Z56: =K56-T56 -> 14700
A57: AB-BPLV | B57: AB | C57: 1 | D57: NG | E57: KD | F57: KWI | G57: 10200002 | H57: KD-KEDAH | I57: PI.A0.AB.10200002.01 | J57: Pemakluman & Pengenaan Levi | K57: 0 | L57: 0 | M57: 0 | N57: 9331.45 | O57: =M57/L57 -> #DIV/0! | P57: =M57/K57 -> #DIV/0! | Q57: =M57/N57 -> 0 | R57: =K57-M57 -> 0
A58: CA-BPGK | B58: CA | C58: 1 | D58: NG | E58: KD | F58: KWI | G58: 10200002 | H58: KD-KEDAH | I58: PI.C0.CA.10200002.01 | J58: Pendakwaan/tatatertib | K58: 20000 | L58: 5500 | M58: 5351.2 | N58: 3863.95 | O58: =M58/L58 -> 0.97294545 | P58: =M58/K58 -> 0.26756 | Q58: =M58/N58 -> 1.384904 | R58: =K58-M58 -> 14648.8 | T58: 200 | U58: 100 | V58: 3863.95 | W58: =U58/T58 -> 0.5 | X58: =U58/K58 -> 0.005 | Y58: =U58/V58 -> 0.025880252 | Z58: =K58-T58 -> 19800
A59: CB-BPGK | B59: CB | C59: 1 | D59: NG | E59: KD | F59: KWI | G59: 10200002 | H59: KD-KEDAH | I59: PI.C0.CB.10200002.01 | J59: Pematuhan Akta 520 | K59: 37000 | L59: 4500 | M59: 4485.8 | N59: 6154.6 | O59: =M59/L59 -> 0.99684444 | P59: =M59/K59 -> 0.12123784 | Q59: =M59/N59 -> 0.72885322 | R59: =K59-M59 -> 32514.2 | T59: 9000 | U59: 8401.85 | V59: 6154.6 | W59: =U59/T59 -> 0.93353889 | X59: =U59/K59 -> 0.22707703 | Y59: =U59/V59 -> 1.3651334 | Z59: =K59-T59 -> 28000
A60: GE-BLA | B60: GE | C60: 2 | D60: NG | E60: KD | F60: KWI | G60: 10200002 | H60: KD-KEDAH | I60: PI.G0.GE.10200002.02 | J60: Peningkatan Kapasiti & Kapabiliti Kontra | K60: 40000 | L60: 11000 | M60: 10875 | N60: 14400 | O60: =M60/L60 -> 0.98863636 | P60: =M60/K60 -> 0.271875 | Q60: =M60/N60 -> 0.75520833 | R60: =K60-M60 -> 29125 | T60: 5300 | U60: 4350 | V60: 4350 | W60: =U60/T60 -> 0.82075472 | X60: =U60/K60 -> 0.10875 | Y60: =U60/V60 -> 1 | Z60: =K60-T60 -> 34700
A61: HD-BLA | B61: HD | C61: 1 | D61: NG | E61: KD | F61: KWI | G61: 10200002 | H61: KD-KEDAH | I61: PI.H0.HD.10200002.01 | J61: Penilaian Kemahiran | K61: 598000 | L61: 340000 | M61: 332369.29 | N61: 263682 | O61: =M61/L61 -> 0.97755674 | P61: =M61/K61 -> 0.55580149 | Q61: =M61/N61 -> 1.2604929 | R61: =K61-M61 -> 265630.71 | T61: 120000 | U61: 111293.29 | V61: 131436 | W61: =U61/T61 -> 0.92744408 | X61: =U61/K61 -> 0.18610918 | Y61: =U61/V61 -> 0.84674891 | Z61: =K61-T61 -> 478000
A62: IA-BLA | B62: IA | C62: 2 | D62: NG | E62: KD | F62: KWI | G62: 10200002 | H62: KD-KEDAH | I62: PI.I0.IA.10200002.02 | J62: Latihan Penyeliaan & Pengurusan | K62: 30800 | L62: 27000 | M62: 25449.19 | N62: 19674.34 | O62: =M62/L62 -> 0.94256259 | P62: =M62/K62 -> 0.8262724 | Q62: =M62/N62 -> 1.2935219 | R62: =K62-M62 -> 5350.81 | T62: 17000 | U62: 14281.52 | V62: 11736.38 | W62: =U62/T62 -> 0.84008941 | X62: =U62/K62 -> 0.46368571 | Y62: =U62/V62 -> 1.216859 | Z62: =K62-T62 -> 13800
A63: AA-BPKPB | B63: AA | C63: 1 | D63: NG | E63: PP | F63: KWI | G63: 10200003 | H63: PP-PULAU PINANG | I63: PI.A0.AA.10200003.01 | J63: Pendaftaran Kontraktor | K63: 14700 | L63: 0 | M63: 0 | N63: 0 | O63: =M63/L63 -> #DIV/0! | P63: =M63/K63 -> 0 | Q63: =M63/N63 -> #DIV/0! | R63: =K63-M63 -> 14700 | T63: 0 | U63: 0 | V63: 0 | W63: =U63/T63 -> #DIV/0! | X63: =U63/K63 -> 0 | Y63: =U63/V63 -> #DIV/0! | Z63: =K63-T63 -> 14700
A64: AB-BPLV | B64: AB | C64: 1 | D64: NG | E64: PP | F64: KWI | G64: 10200003 | H64: PP-PULAU PINANG | I64: PI.A0.AB.10200003.01 | J64: Pemakluman & Pengenaan Levi | K64: 0 | L64: 0 | M64: 0 | N64: 6767.35 | O64: =M64/L64 -> #DIV/0! | P64: =M64/K64 -> #DIV/0! | Q64: =M64/N64 -> 0 | R64: =K64-M64 -> 0 | T64: 0 | V64: 6767.35 | W64: =U64/T64 -> #DIV/0! | X64: =U64/K64 -> #DIV/0! | Y64: =U64/V64 -> 0 | Z64: =K64-T64 -> 0
A65: AC-BPK | B65: AC | C65: 1 | D65: NG | E65: PP | F65: KWI | G65: 10200003 | H65: PP-PULAU PINANG | I65: PI.A0.AC.10200003.01 | J65: Penilaian Prestasi Kontraktor | K65: 6000 | L65: 0 | M65: 0 | N65: 3798 | O65: =M65/L65 -> #DIV/0! | P65: =M65/K65 -> 0 | Q65: =M65/N65 -> 0 | R65: =K65-M65 -> 6000 | T65: 0 | U65: 0 | V65: 0 | W65: =U65/T65 -> #DIV/0! | X65: =U65/K65 -> 0 | Y65: =U65/V65 -> #DIV/0! | Z65: =K65-T65 -> 6000
A66: CA-BPGK | B66: CA | C66: 1 | D66: NG | E66: PP | F66: KWI | G66: 10200003 | H66: PP-PULAU PINANG | I66: PI.C0.CA.10200003.01 | J66: Pendakwaan/tatatertib | K66: 25000 | L66: 200 | M66: 176.6 | N66: 8619 | O66: =M66/L66 -> 0.883 | P66: =M66/K66 -> 0.007064 | Q66: =M66/N66 -> 0.020489616 | R66: =K66-M66 -> 24823.4 | T66: 300 | U66: 176.6 | V66: 0 | W66: =U66/T66 -> 0.58866667 | X66: =U66/K66 -> 0.007064 | Y66: =U66/V66 -> #DIV/0! | Z66: =K66-T66 -> 24700
A67: CB-BPGK | B67: CB | C67: 1 | D67: NG | E67: PP | F67: KWI | G67: 10200003 | H67: PP-PULAU PINANG | I67: PI.C0.CB.10200003.01 | J67: Pematuhan Akta 520 | K67: 41500 | L67: 19000 | M67: 18237.05 | N67: 31976.1 | O67: =M67/L67 -> 0.95984474 | P67: =M67/K67 -> 0.43944699 | Q67: =M67/N67 -> 0.57033378 | R67: =K67-M67 -> 23262.95 | T67: 7000 | U67: 6224.3 | V67: 12462.4 | W67: =U67/T67 -> 0.88918571 | X67: =U67/K67 -> 0.14998313 | Y67: =U67/V67 -> 0.49944633 | Z67: =K67-T67 -> 34500
A68: GE-BLA | B68: GE | C68: 2 | D68: NG | E68: PP | F68: KWI | G68: 10200003 | H68: PP-PULAU PINANG | I68: PI.G0.GE.10200003.02 | J68: Peningkatan Kapasiti & Kapabiliti Kontra | K68: 40000 | L68: 12500 | M68: 12033.7 | N68: 15259.45 | O68: =M68/L68 -> 0.962696 | P68: =M68/K68 -> 0.3008425 | Q68: =M68/N68 -> 0.7886064 | R68: =K68-M68 -> 27966.3 | T68: 1200 | U68: 1000 | V68: 1970 | W68: =U68/T68 -> 0.83333333 | X68: =U68/K68 -> 0.025 | Y68: =U68/V68 -> 0.50761421 | Z68: =K68-T68 -> 38800
A69: HD-BLA | B69: HD | C69: 1 | D69: NG | E69: PP | F69: KWI | G69: 10200003 | H69: PP-PULAU PINANG | I69: PI.H0.HD.10200003.01 | J69: Penilaian Kemahiran | K69: 1150000 | L69: 800000 | M69: 750535.2 | N69: 344466 | O69: =M69/L69 -> 0.938169 | P69: =M69/K69 -> 0.6526393 | Q69: =M69/N69 -> 2.1788368 | R69: =K69-M69 -> 399464.8 | T69: 150000 | U69: 121662 | V69: 156870 | W69: =U69/T69 -> 0.81108 | X69: =U69/K69 -> 0.10579304 | Y69: =U69/V69 -> 0.77555938 | Z69: =K69-T69 -> 1000000
A70: IA-BLA | B70: IA | C70: 2 | D70: NG | E70: PP | F70: KWI | G70: 10200003 | H70: PP-PULAU PINANG | I70: PI.I0.IA.10200003.02 | J70: Latihan Penyeliaan & Pengurusan | K70: 124500 | L70: 46000 | M70: 44378.8 | N70: 35749.76 | O70: =M70/L70 -> 0.96475652 | P70: =M70/K70 -> 0.35645622 | Q70: =M70/N70 -> 1.2413734 | R70: =K70-M70 -> 80121.2 | T70: 20000 | U70: 17861.21 | V70: 23809.76 | W70: =U70/T70 -> 0.8930605 | X70: =U70/K70 -> 0.14346353 | Y70: =U70/V70 -> 0.75016338 | Z70: =K70-T70 -> 104500
A71: AA-BPKPB | B71: AA | C71: 1 | D71: NG | E71: PR | F71: KWI | G71: 10200004 | H71: PR-PERAK | I71: PI.A0.AA.10200004.01 | J71: Pendaftaran Kontraktor | K71: 3900 | L71: 0 | M71: 0 | N71: 11700 | O71: =M71/L71 -> #DIV/0! | P71: =M71/K71 -> 0 | Q71: =M71/N71 -> 0 | R71: =K71-M71 -> 3900 | T71: 0 | U71: 0 | V71: 850 | W71: =U71/T71 -> #DIV/0! | X71: =U71/K71 -> 0 | Y71: =U71/V71 -> 0 | Z71: =K71-T71 -> 3900
A72: AC-BPK | B72: AC | C72: 1 | D72: NG | E72: PR | F72: KWI | G72: 10200004 | H72: PR-PERAK | I72: PI.A0.AC.10200004.01 | J72: Penilaian Prestasi Kontraktor | K72: 0 | L72: 0 | M72: 0 | N72: 2600 | O72: =M72/L72 -> #DIV/0! | P72: =M72/K72 -> #DIV/0! | Q72: =M72/N72 -> 0 | R72: =K72-M72 -> 0 | T72: 0 | V72: 2600 | W72: =U72/T72 -> #DIV/0! | X72: =U72/K72 -> #DIV/0! | Y72: =U72/V72 -> 0 | Z72: =K72-T72 -> 0
A73: CA-BPGK | B73: CA | C73: 1 | D73: NG | E73: PR | F73: KWI | G73: 10200004 | H73: PR-PERAK | I73: PI.C0.CA.10200004.01 | J73: Pendakwaan/tatatertib | K73: 25000 | L73: 0 | M73: 0 | N73: 19331 | O73: =M73/L73 -> #DIV/0! | P73: =M73/K73 -> 0 | Q73: =M73/N73 -> 0 | R73: =K73-M73 -> 25000 | T73: 0 | U73: 0 | V73: 2291 | W73: =U73/T73 -> #DIV/0! | X73: =U73/K73 -> 0 | Y73: =U73/V73 -> 0 | Z73: =K73-T73 -> 25000
A74: CB-BPGK | B74: CB | C74: 1 | D74: NG | E74: PR | F74: KWI | G74: 10200004 | H74: PR-PERAK | I74: PI.C0.CB.10200004.01 | J74: Pematuhan Akta 520 | K74: 41500 | L74: 13000 | M74: 12470.96 | N74: 19838.37 | O74: =M74/L74 -> 0.95930462 | P74: =M74/K74 -> 0.30050506 | Q74: =M74/N74 -> 0.62862826 | R74: =K74-M74 -> 29029.04 | T74: 1300 | U74: 1057.75 | V74: 6470.62 | W74: =U74/T74 -> 0.81365385 | X74: =U74/K74 -> 0.025487952 | Y74: =U74/V74 -> 0.16346965 | Z74: =K74-T74 -> 40200
A75: GE-BLA | B75: GE | C75: 2 | D75: NG | E75: PR | F75: KWI | G75: 10200004 | H75: PR-PERAK | I75: PI.G0.GE.10200004.02 | J75: Peningkatan Kapasiti & Kapabiliti Kontra | K75: 40000 | L75: 3400 | M75: 3395 | N75: 9561.95 | O75: =M75/L75 -> 0.99852941 | P75: =M75/K75 -> 0.084875 | Q75: =M75/N75 -> 0.3550531 | R75: =K75-M75 -> 36605 | T75: 0 | U75: 0 | V75: 2200 | W75: =U75/T75 -> #DIV/0! | X75: =U75/K75 -> 0 | Y75: =U75/V75 -> 0 | Z75: =K75-T75 -> 40000
A76: HD-BLA | B76: HD | C76: 1 | D76: NG | E76: PR | F76: KWI | G76: 10200004 | H76: PR-PERAK | I76: PI.H0.HD.10200004.01 | J76: Penilaian Kemahiran | K76: 644000 | L76: 330000 | M76: 319430.04 | N76: 229608 | O76: =M76/L76 -> 0.96796982 | P76: =M76/K76 -> 0.49600938 | Q76: =M76/N76 -> 1.3911973 | R76: =K76-M76 -> 324569.96 | T76: 135000 | U76: 126468 | V76: 124686 | W76: =U76/T76 -> 0.9368 | X76: =U76/K76 -> 0.19637888 | Y76: =U76/V76 -> 1.0142919 | Z76: =K76-T76 -> 509000
A77: IA-BLA | B77: IA | C77: 2 | D77: NG | E77: PR | F77: KWI | G77: 10200004 | H77: PR-PERAK | I77: PI.I0.IA.10200004.02 | J77: Latihan Penyeliaan & Pengurusan | K77: 39600 | L77: 8500 | M77: 8278.96 | N77: 10985.49 | O77: =M77/L77 -> 0.97399529 | P77: =M77/K77 -> 0.20906465 | Q77: =M77/N77 -> 0.75362683 | R77: =K77-M77 -> 31321.04 | T77: 3500 | U77: 3009.62 | V77: 3764.92 | W77: =U77/T77 -> 0.85989143 | X77: =U77/K77 -> 0.076000505 | Y77: =U77/V77 -> 0.79938485 | Z77: =K77-T77 -> 36100
A78: LC-BKK | B78: LC | C78: 1 | D78: NG | E78: PR | F78: KWI | G78: 10200004 | H78: PR-PERAK | I78: PI.L0.LC.10200004.01 | J78: Corporate Event Management | K78: 28900 | L78: 0 | M78: 0 | N78: 0 | O78: =M78/L78 -> #DIV/0! | P78: =M78/K78 -> 0 | Q78: =M78/N78 -> #DIV/0! | R78: =K78-M78 -> 28900
A79: LD-BKK | B79: LD | C79: 1 | D79: NG | E79: PR | F79: KWI | G79: 10200004 | H79: PR-PERAK | I79: PI.L0.LD.10200004.01 | J79: Corporate Branding | K79: 0 | L79: 0 | M79: 0 | N79: 2280 | O79: =M79/L79 -> #DIV/0! | P79: =M79/K79 -> #DIV/0! | Q79: =M79/N79 -> 0 | R79: =K79-M79 -> 0 | T79: 0 | V79: 1500 | W79: =U79/T79 -> #DIV/0! | X79: =U79/K79 -> #DIV/0! | Y79: =U79/V79 -> 0 | Z79: =K79-T79 -> 0
A80: AA-BPKPB | B80: AA | C80: 1 | D80: NG | E80: SL | F80: KWI | G80: 10200005 | H80: SL-SELANGOR | I80: PI.A0.AA.10200005.01 | J80: Pendaftaran Kontraktor | K80: 21600 | L80: 1700 | M80: 1700 | N80: 4450 | O80: =M80/L80 -> 1 | P80: =M80/K80 -> 0.078703704 | Q80: =M80/N80 -> 0.38202247 | R80: =K80-M80 -> 19900 | T80: 1000 | U80: 850 | V80: 2550 | W80: =U80/T80 -> 0.85 | X80: =U80/K80 -> 0.039351852 | Y80: =U80/V80 -> 0.33333333 | Z80: =K80-T80 -> 20600
A81: CA-BPGK | B81: CA | C81: 1 | D81: NG | E81: SL | F81: KWI | G81: 10200005 | H81: SL-SELANGOR | I81: PI.C0.CA.10200005.01 | J81: Pendakwaan/tatatertib | K81: 25000 | L81: 0 | M81: 0 | N81: 0 | O81: =M81/L81 -> #DIV/0! | P81: =M81/K81 -> 0 | Q81: =M81/N81 -> #DIV/0! | R81: =K81-M81 -> 25000 | T81: 0 | U81: 0 | V81: 0 | W81: =U81/T81 -> #DIV/0! | X81: =U81/K81 -> 0 | Y81: =U81/V81 -> #DIV/0! | Z81: =K81-T81 -> 25000
A82: CB-BPGK | B82: CB | C82: 1 | D82: NG | E82: SL | F82: KWI | G82: 10200005 | H82: SL-SELANGOR | I82: PI.C0.CB.10200005.01 | J82: Pematuhan Akta 520 | K82: 55000 | L82: 25000 | M82: 23923.87 | N82: 25258.89 | O82: =M82/L82 -> 0.9569548 | P82: =M82/K82 -> 0.43497945 | Q82: =M82/N82 -> 0.94714653 | R82: =K82-M82 -> 31076.13 | T82: 8000 | U82: 7174.07 | V82: 7604 | W82: =U82/T82 -> 0.89675875 | X82: =U82/K82 -> 0.13043764 | Y82: =U82/V82 -> 0.94346002 | Z82: =K82-T82 -> 47000
A83: GE-BLA | B83: GE | C83: 2 | D83: NG | E83: SL | F83: KWI | G83: 10200005 | H83: SL-SELANGOR | I83: PI.G0.GE.10200005.02 | J83: Peningkatan Kapasiti & Kapabiliti Kontra | K83: 90000 | L83: 16000 | M83: 15330 | N83: 19881 | O83: =M83/L83 -> 0.958125 | P83: =M83/K83 -> 0.17033333 | Q83: =M83/N83 -> 0.77108797 | R83: =K83-M83 -> 74670 | T83: 0 | U83: 0 | V83: 9936 | W83: =U83/T83 -> #DIV/0! | X83: =U83/K83 -> 0 | Y83: =U83/V83 -> 0 | Z83: =K83-T83 -> 90000
A84: HD-BLA | B84: HD | C84: 1 | D84: NG | E84: SL | F84: KWI | G84: 10200005 | H84: SL-SELANGOR | I84: PI.H0.HD.10200005.01 | J84: Penilaian Kemahiran | K84: 2898000 | L84: 1600000 | M84: 1515024 | N84: 457898.4 | O84: =M84/L84 -> 0.94689 | P84: =M84/K84 -> 0.52278261 | Q84: =M84/N84 -> 3.3086466 | R84: =K84-M84 -> 1382976 | T84: 550000 | U84: 501525 | V84: 95385.6 | W84: =U84/T84 -> 0.91186364 | X84: =U84/K84 -> 0.17305901 | Y84: =U84/V84 -> 5.2578691 | Z84: =K84-T84 -> 2348000
A85: IA-BLA | B85: IA | C85: 2 | D85: NG | E85: SL | F85: KWI | G85: 10200005 | H85: SL-SELANGOR | I85: PI.I0.IA.10200005.02 | J85: Latihan Penyeliaan & Pengurusan | K85: 108700 | L85: 58000 | M85: 56432.81 | N85: 34136.34 | O85: =M85/L85 -> 0.97297948 | P85: =M85/K85 -> 0.51916109 | Q85: =M85/N85 -> 1.6531594 | R85: =K85-M85 -> 52267.19 | T85: 22000 | U85: 19873.62 | V85: 15080.59 | W85: =U85/T85 -> 0.90334636 | X85: =U85/K85 -> 0.18282999 | Y85: =U85/V85 -> 1.3178278 | Z85: =K85-T85 -> 86700
A86: LC-BKK | B86: LC | C86: 1 | D86: NG | E86: SL | F86: KWI | G86: 10200005 | H86: SL-SELANGOR | I86: PI.L0.LC.10200005.01 | J86: Corporate Event Management | K86: 54000 | L86: 0 | M86: 0 | N86: 0 | O86: =M86/L86 -> #DIV/0! | P86: =M86/K86 -> 0 | Q86: =M86/N86 -> #DIV/0! | R86: =K86-M86 -> 54000
A87: NA-PPUU | B87: NA | C87: 1 | D87: NG | E87: SL | F87: KWI | G87: 10200005 | H87: SL-SELANGOR | I87: PI.N0.NA.10200005.01 | J87: Perundangan | K87: 10000 | L87: 0 | M87: 0 | N87: 10000 | O87: =M87/L87 -> #DIV/0! | P87: =M87/K87 -> 0 | Q87: =M87/N87 -> 0 | R87: =K87-M87 -> 10000
A88: AA-BPKPB | B88: AA | C88: 1 | D88: NG | E88: WP | F88: KWI | G88: 10200006 | H88: WP-WILAYAH PERSEKUTUAN (KL) | I88: PI.A0.AA.10200006.01 | J88: Pendaftaran Kontraktor | K88: 33800 | L88: 700 | M88: 650 | N88: 15896.8 | O88: =M88/L88 -> 0.92857143 | P88: =M88/K88 -> 0.019230769 | Q88: =M88/N88 -> 0.040888732 | R88: =K88-M88 -> 33150 | T88: 0 | U88: 0 | V88: 850 | W88: =U88/T88 -> #DIV/0! | X88: =U88/K88 -> 0 | Y88: =U88/V88 -> 0 | Z88: =K88-T88 -> 33800
A89: AC-BPK | B89: AC | C89: 1 | D89: NG | E89: WP | F89: KWI | G89: 10200006 | H89: WP-WILAYAH PERSEKUTUAN (KL) | I89: PI.A0.AC.10200006.01 | J89: Penilaian Prestasi Kontraktor | K89: 0 | L89: 0 | M89: 0 | N89: 322.4 | O89: =M89/L89 -> #DIV/0! | P89: =M89/K89 -> #DIV/0! | Q89: =M89/N89 -> 0 | R89: =K89-M89 -> 0
A90: CA-BPGK | B90: CA | C90: 1 | D90: NG | E90: WP | F90: KWI | G90: 10200006 | H90: WP-WILAYAH PERSEKUTUAN (KL) | I90: PI.C0.CA.10200006.01 | J90: Pendakwaan/tatatertib | K90: 25000 | L90: 3100 | M90: 2997.7 | N90: 0 | O90: =M90/L90 -> 0.967 | P90: =M90/K90 -> 0.119908 | Q90: =M90/N90 -> #DIV/0! | R90: =K90-M90 -> 22002.3 | T90: 0 | U90: 0 | V90: 0 | W90: =U90/T90 -> #DIV/0! | X90: =U90/K90 -> 0 | Y90: =U90/V90 -> #DIV/0! | Z90: =K90-T90 -> 25000
A91: CB-BPGK | B91: CB | C91: 1 | D91: NG | E91: WP | F91: KWI | G91: 10200006 | H91: WP-WILAYAH PERSEKUTUAN (KL) | I91: PI.C0.CB.10200006.01 | J91: Pematuhan Akta 520 | K91: 55000 | L91: 27000 | M91: 25684.05 | N91: 21747.95 | O91: =M91/L91 -> 0.95126111 | P91: =M91/K91 -> 0.46698273 | Q91: =M91/N91 -> 1.1809872 | R91: =K91-M91 -> 29315.95 | T91: 16000 | U91: 14609.05 | V91: 18464.85 | W91: =U91/T91 -> 0.91306562 | X91: =U91/K91 -> 0.26561909 | Y91: =U91/V91 -> 0.79118162 | Z91: =K91-T91 -> 39000
A92: EA-BLA | B92: EA | C92: 2 | D92: NG | E92: WP | F92: KWI | G92: 10200006 | H92: WP-WILAYAH PERSEKUTUAN (KL) | I92: PI.E0.EA.10200006.02 | J92: IBS | K92: 0 | L92: 0 | M92: 0 | N92: 1870 | O92: =M92/L92 -> #DIV/0! | P92: =M92/K92 -> #DIV/0! | Q92: =M92/N92 -> 0 | R92: =K92-M92 -> 0
A93: GE-BLA | B93: GE | C93: 2 | D93: NG | E93: WP | F93: KWI | G93: 10200006 | H93: WP-WILAYAH PERSEKUTUAN (KL) | I93: PI.G0.GE.10200006.02 | J93: Peningkatan Kapasiti & Kapabiliti Kontra | K93: 90000 | L93: 28000 | M93: 26630 | N93: 33391.3 | O93: =M93/L93 -> 0.95107143 | P93: =M93/K93 -> 0.29588889 | Q93: =M93/N93 -> 0.79751312 | R93: =K93-M93 -> 63370 | T93: 7000 | U93: 6657.5 | V93: 14344.3 | W93: =U93/T93 -> 0.95107143 | X93: =U93/K93 -> 0.073972222 | Y93: =U93/V93 -> 0.46412164 | Z93: =K93-T93 -> 83000
A94: HD-BLA | B94: HD | C94: 1 | D94: NG | E94: WP | F94: KWI | G94: 10200006 | H94: WP-WILAYAH PERSEKUTUAN (KL) | I94: PI.H0.HD.10200006.01 | J94: Penilaian Kemahiran | K94: 3042500 | L94: 2000000 | M94: 1973991.6 | N94: 349693.2 | O94: =M94/L94 -> 0.9869958 | P94: =M94/K94 -> 0.64880578 | Q94: =M94/N94 -> 5.6449242 | R94: =K94-M94 -> 1068508.4 | T94: 900000 | U94: 836811 | V94: 145000.8 | W94: =U94/T94 -> 0.92979 | X94: =U94/K94 -> 0.27504059 | Y94: =U94/V94 -> 5.7710785 | Z94: =K94-T94 -> 2142500
A95: IA-BLA | B95: IA | C95: 2 | D95: NG | E95: WP | F95: KWI | G95: 10200006 | H95: WP-WILAYAH PERSEKUTUAN (KL) | I95: PI.I0.IA.10200006.02 | J95: Latihan Penyeliaan & Pengurusan | K95: 104300 | L95: 40000 | M95: 35736.98 | N95: 41738.1 | O95: =M95/L95 -> 0.8934245 | P95: =M95/K95 -> 0.34263643 | Q95: =M95/N95 -> 0.85621962 | R95: =K95-M95 -> 68563.02 | T95: 14000 | U95: 12242.39 | V95: 28017.54 | W95: =U95/T95 -> 0.87445643 | X95: =U95/K95 -> 0.1173767 | Y95: =U95/V95 -> 0.43695449 | Z95: =K95-T95 -> 90300
A96: LC-BKK | B96: LC | C96: 1 | D96: NG | E96: WP | F96: KWI | G96: 10200006 | H96: WP-WILAYAH PERSEKUTUAN (KL) | I96: PI.L0.LC.10200006.01 | J96: Corporate Event Management | K96: 31100 | L96: 0 | M96: 0 | N96: 0 | O96: =M96/L96 -> #DIV/0! | P96: =M96/K96 -> 0 | Q96: =M96/N96 -> #DIV/0! | R96: =K96-M96 -> 31100
A97: AA-BPKPB | B97: AA | C97: 1 | D97: NG | E97: NS | F97: KWI | G97: 10200007 | H97: NS-NEGERI SEMBILAN | I97: PI.A0.AA.10200007.01 | J97: Pendaftaran Kontraktor | K97: 18400 | L97: 10500 | M97: 10109.91 | N97: 1950 | O97: =M97/L97 -> 0.96284857 | P97: =M97/K97 -> 0.54945163 | Q97: =M97/N97 -> 5.1845692 | R97: =K97-M97 -> 8290.09 | T97: 800 | U97: 650 | V97: 1300 | W97: =U97/T97 -> 0.8125 | X97: =U97/K97 -> 0.035326087 | Y97: =U97/V97 -> 0.5 | Z97: =K97-T97 -> 17600
A98: AB-BPLV | B98: AB | C98: 1 | D98: NG | E98: NS | F98: KWI | G98: 10200007 | H98: NS-NEGERI SEMBILAN | I98: PI.A0.AB.10200007.01 | J98: Pemakluman & Pengenaan Levi | K98: 0 | L98: 0 | M98: 0 | N98: 5000 | O98: =M98/L98 -> #DIV/0! | P98: =M98/K98 -> #DIV/0! | Q98: =M98/N98 -> 0 | R98: =K98-M98 -> 0
A99: AC-BPK | B99: AC | C99: 1 | D99: NG | E99: NS | F99: KWI | G99: 10200007 | H99: NS-NEGERI SEMBILAN | I99: PI.A0.AC.10200007.01 | J99: Penilaian Prestasi Kontraktor | K99: 14100 | L99: 0 | M99: 0 | N99: 0 | O99: =M99/L99 -> #DIV/0! | P99: =M99/K99 -> 0 | Q99: =M99/N99 -> #DIV/0! | R99: =K99-M99 -> 14100 | T99: 0 | U99: 0 | V99: 0 | W99: =U99/T99 -> #DIV/0! | X99: =U99/K99 -> 0 | Y99: =U99/V99 -> #DIV/0! | Z99: =K99-T99 -> 14100
A100: BA-BPKB | B100: BA | C100: 2 | D100: NG | E100: NS | F100: KWI | G100: 10200007 | H100: NS-NEGERI SEMBILAN | I100: PI.B0.BA.10200007.02 | J100: Pematuhan Bahan Binaan (QPASS) | K100: 0 | L100: 0 | M100: 0 | N100: 8000 | O100: =M100/L100 -> #DIV/0! | P100: =M100/K100 -> #DIV/0! | Q100: =M100/N100 -> 0 | R100: =K100-M100 -> 0
...
